FIPS,STATE,COUNTY,ADDRESS,POLL PLACE NAME,HOURS OF OPERATION,ObjectId,x,y
13001,Georgia,Appling County,"69 Tippins St, Baxley, Georgia, 31513",BOARD OF ELECTIONS AND REGISTRAR,12/14/2020 - 12/31/2020 09:00 AM - 05:00 PM,1,-82.3497899916186,31.7777099930827
13002,Georgia,Atkinson County,"636 AUSTIN AVENUE E PEARSON, GA 31642",ATKINSON CO. ELECTION OFFICE,12/14/2020 - 12/31/2020 09:00 AM - 05:00 PM,2,-82.8428599716271,31.2930600118309
13003,Georgia,Bacon County,"232 WEST 12TH STREET ALMA, GA 31510",BACON COUNTY ELECTIONS OFFICE,12/14/2020 - 12/18/2020 09:00 AM - 05:00 PM 12/21/2020 - 12/23/2020 09:00 AM - 05:00 PM 12/28/2020 - 12/31/2020 09:00 AM - 05:00 PM,3,-85.1819720807865,32.8812368754209
13004,Georgia,Baker County,,,,4,-83.44453440099,32.6483245537677
13005,Georgia,Baldwin County,"1601 N COLUMBIA ST MILLEDGEVILLE, GA 31061",REGISTRATION & ELECTIONS OFFICE,12/14/2020 - 12/18/2020 08:30 AM - 05:00 PM 12/21/2020 - 12/22/2020 08:30 AM - 05:00 PM 12/23/2020 - 12/23/2020 08:30 AM - 03:00 PM 12/28/2020 - 12/30/2020 08:30 AM - 05:00 PM 12/31/2020 - 12/31/2020 08:30 AM - 03:00 PM,5,-83.2430400252956,33.0988299907239
13006,Georgia,Banks County,"226 CANDLER STREET HOMER, GA 30547",ELECTIONS & REGISTRATION OFFICE,12/14/2020 - 12/18/2020 08:00 AM - 05:00 PM 12/21/2020 - 12/23/2020 08:00 AM - 05:00 PM 12/29/2020 - 12/31/2020 08:00 AM - 05:00 PM,6,-83.4975000205592,34.3354300199686
13007,Georgia,Barrow County,"233 E. BROAD ST WINDER, GA 30680",BARROW COUNTY ELECTIONS OFFICE,12/14/2020 - 12/18/2020 08:00 AM - 05:00 PM 12/21/2020 - 12/23/2020 08:00 AM - 05:00 PM 12/28/2020 - 12/31/2020 08:00 AM - 05:00 PM,7,-84.2615199670567,33.2501499977304
13008,Georgia,Bartow County,"435 WEST MAIN STREET CARTERSVILLE, GA 30120",CARTERSVILLE CIVIC CENTER,12/14/2020 - 12/18/2020 08:00 AM - 06:00 PM 12/21/2020 - 12/23/2020 08:00 AM - 06:00 PM 12/28/2020 - 12/31/2020 08:00 AM - 06:00 PM,8,-84.80648000027,34.1634900001896
13008,Georgia,Bartow County,"1300 JOE FRANK HARRIS PWY CARTERSVILLE, GA 30120",REGISTRATION OFFICE,12/14/2020 - 12/19/2020 08:00 AM - 06:00 PM 12/21/2020 - 12/23/2020 08:00 AM - 06:00 PM 12/28/2020 - 12/31/2020 08:00 AM - 06:00 PM,9,-84.7954199999841,34.1652200000242
13009,Georgia,Ben Hill County,"602 S GRANT STREET FITZGERALD, GA 31750",EARLY/ ADVANCE,12/14/2020 - 12/23/2020 07:30 AM - 04:00 PM 12/28/2020 - 12/31/2020 07:30 AM - 04:00 PM,10,-83.2524799759504,31.7088899999784
13010,Georgia,Berrien County,"201 N. DAVIS ST. NASHVILLE, GA 31639",COUNTY ADMIN BUILDING,12/14/2020 - 12/18/2020 08:00 AM - 04:30 PM 12/21/2020 - 12/22/2020 08:00 AM - 04:30 PM 12/23/2020 - 12/23/2020 08:00 AM - 02:00 PM 12/28/2020 - 12/30/2020 08:00 AM - 04:30 PM 12/31/2020 - 12/31/2020 08:00 AM - 02:00 PMA,11,-83.2500458334829,31.2079499129027
13011,Georgia,Bibb County,"132 WILLIE SMOKIE GLOVER DR MACON, GA 31201",ELAINE H LUCAS SENIOR CENTER,12/14/2020 - 12/23/2020 08:30 AM - 05:30 PM 12/28/2020 - 12/30/2020 08:30 AM - 05:30 PM,12,-83.6159816917024,32.832522488371
13011,Georgia,Bibb County,"2525 PIO NONO AVE MACON, GA 31206 - 2829",MACON BIBB COUNTY BOARD OF ELECTIONS,12/14/2020 - 12/23/2020 08:30 AM - 05:30 PM 12/28/2020 - 12/30/2020 08:30 AM - 05:30 PM,13,-83.6629697084704,32.8126573339273
13011,Georgia,Bibb County,"815 N MACON PARK DR MACON, GA 31210",THERON USSERY PARK COMMUNITY/ RECREATION CENTER,12/14/2020 - 12/23/2020 08:30 AM - 05:30 PM 12/28/2020 - 12/30/2020 08:30 AM - 05:30 PM,14,-83.6815800253632,32.8881599908951
13012,Georgia,Bleckley County,"112 N SECOND STREET COCRHRAN, GA 31014",VR OFFICE,12/14/2020 - 12/18/2020 08:30 AM - 05:00 PM 12/21/2020 - 12/23/2020 08:30 AM - 05:00 PM 12/28/2020 - 12/31/2020 08:30 AM - 05:00 PM,15,-83.3553000276631,32.3875600016734
13013,Georgia,Brantley County,"10305 N. MAIN ST. NAHUNTA, GA 31553",BRANTLEY CO. ELECTIONS,12/14/2020 - 12/18/2020 08:00 AM - 05:00 PM 12/21/2020 - 12/23/2020 08:00 AM - 05:00 PM 12/29/2020 - 12/31/2020 08:00 AM - 05:00 PM,16,-81.9799768303596,31.2095061198374
13014,Georgia,Brooks County,"610 S HIGHLAND RD QUITMAN, GA 31643",AIP/EV MAIN ELECTIONS OFFICE,12/14/2020 - 12/18/2020 08:00 AM - 05:00 PM 12/21/2020 - 12/23/2020 08:00 AM - 05:00 PM 12/29/2020 - 12/31/2020 08:00 AM - 05:00 PM,17,-83.5521839762315,30.7797629902275
13015,Georgia,Bryan County,"42 N. COURTHOUSE ST PEMBROKE, GA 31321",BRYAN COUNTY COMMISSIONERS MEETING ROOM,12/14/2020 - 12/18/2020 08:00 AM - 05:00 PM 12/21/2020 - 12/23/2020 08:00 AM - 05:00 PM 12/28/2020 - 12/31/2020 08:00 AM - 05:00 PM,18,-83.4001299659285,34.8780899796522
13015,Georgia,Bryan County,"508 TIMBER TRAIL RICHMOND HILL, GA 31324",RICHMOND HILL RECREATION COMPX,12/14/2020 - 12/18/2020 08:00 AM - 05:00 PM 12/21/2020 - 12/23/2020 08:00 AM - 05:00 PM 12/28/2020 - 12/31/2020 08:00 AM - 05:00 PM,19,-81.3048787611495,31.9256029475692
13016,Georgia,Bulloch County,"113 NORTH MAIN ST STATESBORO, GA 30458",BULLOCH COUNTY ANNEX,12/14/2020 - 12/18/2020 08:00 AM - 05:00 PM 12/19/2020 - 12/19/2020 09:00 AM - 04:00 PM 12/21/2020 - 12/23/2020 08:00 AM - 05:00 PM 12/28/2020 - 12/30/2020 08:00 AM - 05:00 PM,20,-82.0296100074486,31.6651500025978
13017,Georgia,Burke County,"602 N LIBERTY ST. WAYNESBOR0, GA 30830",COURT HOUSE BURKE CO.,12/14/2020 - 12/31/2020 09:00 AM - 05:00 PM 12/24/2020 - 12/25/2020 00:00 AM - 00:00 PM,21,-82.0155050246751,33.0905580159943
13018,Georgia,Butts County,"625 W THIRD ST JACKSON, GA 30233",ELECTION OFFICE ADMIN BLDG,12/14/2020 - 12/18/2020 08:00 AM - 05:00 PM 12/19/2020 - 12/19/2020 09:00 AM - 02:00 PM 12/21/2020 - 12/23/2020 08:00 AM - 05:00 PM 12/28/2020 - 12/30/2020 08:00 AM - 05:00 PM,22,-83.9732199643231,33.2935599999943
13019,Georgia,Calhoun County,,,,23,-83.44453440099,32.6483245537677
13020,Georgia,Camden County,"107 N GROSS RD KINGSLAND, GA 31548",CAMDEN COUNTY ANNEX,12/14/2020 - 12/18/2020 08:00 AM - 05:00 PM 12/21/2020 - 12/22/2020 08:00 AM - 05:00 PM 12/29/2020 - 12/30/2020 08:00 AM - 05:00 PM,24,-81.6453802773699,30.7880954353706
13020,Georgia,Camden County,"107 N GROSS RD KINGSLAND, GA 31548",CAMDEN COUNTY ANNEX SATURDAY VOTING,12/19/2020 - 12/19/2020 09:00 AM - 03:00 PM,25,-81.6453802773699,30.7880954353706
13020,Georgia,Camden County,"406 OSBORNE STREET ST. MARYS, GA 31558",ST. MARYS SATURDAY EARLY VOTING,12/19/2020 - 12/19/2020 09:00 AM - 03:00 PM,26,-81.547229970338,30.7251100059672
13020,Georgia,Camden County,"400 OSBORNE ST SAINT MARYS, GA 31558",ST. MARYS WELCOME CENTER,12/14/2020 - 12/18/2020 08:00 AM - 05:00 PM,27,-81.5472500036671,30.7247699941992
13021,Georgia,Candler County,"621 W PINE STREET METTER, GA 30439",JACK STRICKLAND COMMUNITY CENTER,12/14/2020 - 12/18/2020 08:30 AM - 05:00 PM 12/19/2020 - 12/19/2020 09:00 AM - 04:00 PM 12/21/2020 - 12/23/2020 08:30 AM - 05:00 PM 12/28/2020 - 12/30/2020 08:03 AM - 05:00 PM 12/31/2020 - 12/31/2020 08:30 AM - 12:00 PM,28,-83.8064299820146,32.0957600103775
13022,Georgia,Carroll County,"423 COLLEGE STREET CARROLLTON, GA 30117",COUNTY ADMINISTRATION BUILDING,12/14/2020 - 12/18/2020 08:00 AM - 05:00 PM 12/21/2020 - 12/23/2020 08:00 AM - 05:00 PM 12/28/2020 - 12/30/2020 08:00 AM - 05:00 PM 12/31/2020 - 12/31/2020 08:00 AM - 01:00 PM,29,-84.7969499908131,31.771840020774
13022,Georgia,Carroll County,"524 LESLIE DR VILLA RICA, GA 30180",POWELL PARK ART CENTER,12/14/2020 - 12/18/2020 08:00 AM - 05:00 PM,30,-84.9298400363441,33.7274099902479
13023,Georgia,Catoosa County,"5238 EVITT ST RINGGOLD, GA 30736",RINGGOLD PRECINCT,12/14/2020 - 12/18/2020 08:00 AM - 05:00 PM 12/21/2020 - 12/22/2020 08:00 AM - 05:00 PM 12/23/2020 - 12/23/2020 08:00 AM - 12:00 PM 12/28/2020 - 12/30/2020 08:00 AM - 05:00 PM 12/31/2020 - 12/31/2020 08:00 AM - 12:00 PM,31,-85.1065919946919,34.9154800153846
13023,Georgia,Catoosa County,"3319 LAKEVIEW DR ROSSVILLE, GA 30741",WESTSIDE PRECINCT,12/14/2020 - 12/18/2020 08:00 AM - 05:00 PM 12/21/2020 - 12/22/2020 08:00 AM - 05:00 PM 12/23/2020 - 12/23/2020 08:00 AM - 12:00 PM 12/28/2020 - 12/30/2020 08:00 AM - 05:00 PM 12/31/2020 - 12/31/2020 08:00 AM - 12:00 PM,32,-85.2251789933022,34.9615190013092
13024,Georgia,Charlton County,"1520 THIRD STREET FOLKSTON, GA 31537 - 8961",ELECTIONS OFFICE,12/14/2020 - 12/18/2020 08:30 AM - 05:00 PM 12/21/2020 - 12/22/2020 08:30 AM - 05:00 PM 12/23/2020 - 12/23/2020 08:30 AM - 12:00 PM 12/28/2020 - 12/30/2020 08:30 AM - 05:00 PM 12/31/2020 - 12/31/2020 08:30 AM - 12:00 PM,33,-82.0046300081674,30.8318900041397
13024,Georgia,Charlton County,"13063 FLORIDA AVENUE ST. GEORGE, GA 31562 - 3209",ST. GEORGE COUNTY BLDG.,12/19/2020 - 12/19/2020 09:00 AM - 04:00 PM,34,-82.0381000364028,30.5230400063336
13025,Georgia,Chatham County,"301 W OGLETHORPE AVE SAVANNAH, GA 31401",CIVIC CENTER,12/14/2020 - 12/18/2020 09:00 AM - 04:00 PM 12/21/2020 - 12/23/2020 09:00 AM - 04:00 PM 12/28/2020 - 12/31/2020 09:00 AM - 04:00 PM,35,-81.0969409720431,32.0767330060731
13025,Georgia,Chatham County,"50 JOHNNY MERCER BLVD SAVANNAH, GA 31410",ISLANDS LIBRARY,12/14/2020 - 12/18/2020 10:00 AM - 04:00 PM 12/21/2020 - 12/23/2020 10:00 AM - 04:00 PM 12/28/2020 - 12/31/2020 10:00 AM - 04:00 PM,36,-81.0082109838837,32.036045991058
13025,Georgia,Chatham County,"1117 EISENHOWER DR, STE E SAVANNAH, GA 31406",MAIN OFFICE,12/14/2020 - 12/18/2020 08:00 AM - 07:00 PM 12/19/2020 - 12/19/2020 09:00 AM - 04:00 PM 12/21/2020 - 12/22/2020 08:00 AM - 07:00 PM 12/23/2020 - 12/23/2020 08:00 AM - 05:00 PM 12/28/2020 - 12/30/2020 08:00 AM - 07:00 PM 12/31/2020 - 12/31/2020 08:00 AM - 05:00 PM,37,-81.0997759832145,32.0054110149462
13025,Georgia,Chatham County,"65 BILLY B HAIR DR SAVANNAH, GA 31407",MOSQUITO CONTROL,12/14/2020 - 12/18/2020 09:00 AM - 04:00 PM 12/21/2020 - 12/23/2020 09:00 AM - 04:00 PM 12/28/2020 - 12/31/2020 09:00 AM - 04:00 PM,38,-81.1920670243143,32.117116010071
13025,Georgia,Chatham County,"14097 ABERCORN ST SAVANNAH, GA 31419",SOUTHWEST LIBRARY,12/14/2020 - 12/18/2020 10:00 AM - 04:00 PM 12/21/2020 - 12/23/2020 10:00 AM - 04:00 PM 12/28/2020 - 12/31/2020 10:00 AM - 04:00 PM,39,-81.175934961661,31.9855410006102
13026,Georgia,Chattahoochee County,"215 MCNAUGHTON CUSSETA, GA 31805",UNIFIED GOVT OFFICES OF CUSSETA-CHATTAHOOCHEE COUNTY,12/14/2020 - 12/31/2020 08:30 AM - 04:00 PM,40,-84.7649799865071,32.3078299978608
13027,Georgia,Chattooga County,"10017 COMMERCE ST SUMMERVILLE, GA 30747",CHATTOOGA COUNTY REGISTRARS OFFICE,12/14/2020 - 12/18/2020 08:30 AM - 05:00 PM 12/21/2020 - 12/23/2020 08:30 AM - 05:00 PM 12/28/2020 - 12/31/2020 08:30 AM - 05:00 PM,41,-85.348240156288,34.4801563635036
13028,Georgia,Cherokee County,"2782 MARIETTA HWY, SUITE 100 CANTON, GA 30114",CHEROKEE COUNTY BOARD OF ELECTIONS,12/14/2020 - 12/18/2020 08:30 AM - 05:00 PM 12/19/2020 - 12/19/2020 09:00 AM - 04:00 PM 12/21/2020 - 12/23/2020 08:30 AM - 05:00 PM 12/29/2020 - 12/31/2020 08:30 AM - 05:00 PM,42,-84.5051445040244,34.2095759390522
13028,Georgia,Cherokee County,"400 EAST MAIN ST CANTON, GA 30114",ELECTIONS WAREHOUSE,12/14/2020 - 12/18/2020 08:30 AM - 05:00 PM 12/19/2020 - 12/19/2020 09:00 AM - 04:00 PM 12/21/2020 - 12/23/2020 08:30 AM - 05:00 PM 12/29/2020 - 12/31/2020 08:30 AM - 05:00 PM,43,-83.3659300412534,30.9912299837612
13028,Georgia,Cherokee County,"7545 MAIN STREET WOODSTOCK, GA 30188",SOUTH CHEROKEE ANNEX REC CENTER,12/14/2020 - 12/18/2020 08:30 AM - 05:00 PM 12/19/2020 - 12/19/2020 09:00 AM - 04:00 PM 12/21/2020 - 12/23/2020 08:30 AM - 05:00 PM 12/29/2020 - 12/31/2020 08:30 AM - 05:00 PM,44,-84.5119819625375,34.1143030090127
13029,Georgia,Clarke County,"275 CLEVELAND ROAD BOGART, GA 30622",ACC COORPERATIVE EXTENSION OFFICE,12/28/2020 - 12/29/2020 10:00 AM - 05:00 PM 12/30/2020 - 12/30/2020 10:00 AM - 07:00 PM 12/31/2020 - 12/31/2020 10:00 AM - 05:00 PM,45,-83.4734319729881,33.9456799878708
13029,Georgia,Clarke County,"2025 BAXTER STREET ATNENS, GA 30606",ATHENS REGIONAL LIBRARY,12/28/2020 - 12/29/2020 10:00 AM - 05:00 PM 12/30/2020 - 12/30/2020 10:00 AM - 07:00 PM 12/31/2020 - 12/31/2020 10:00 AM - 05:00 PM,46,-83.4036569870926,33.9449500075913
13029,Georgia,Clarke County,"4460 LEXINGTON ROAD ATHENS, GA 30605",ATHENS-CLARKE COUNTY TENNIS CENTER,12/28/2020 - 12/29/2020 10:00 AM - 05:00 PM 12/30/2020 - 12/30/2020 10:00 AM - 07:00 PM 12/31/2020 - 12/31/2020 10:00 AM - 05:00 PM,47,-83.3030429686472,33.9253570161185
13029,Georgia,Clarke County,"155 E. WASHINGTON STREET ATHENS, GA 30601",BOARD OF ELECTIONS OFFICE,12/14/2020 - 12/15/2020 08:00 AM - 05:00 PM 12/16/2020 - 12/18/2020 08:00 AM - 07:00 PM 12/21/2020 - 12/21/2020 08:00 AM - 07:00 PM 12/22/2020 - 12/23/2020 08:00 AM - 05:00 PM 12/28/2020 - 12/29/2020 08:00 AM - 05:00 PM 12/30/2020 - 12/30/2020 08:00 AM - 07:00 PM 12/31/2020 - 12/31/2020 08:00 AM - 05:00 PM,48,-83.3767209871286,33.9593789933802
13029,Georgia,Clarke County,"410 MCKINLEY DRIVE ATHENS, GA 30605",MIRIAM MOORE COMMUNITY CENTER,12/14/2020 - 12/15/2020 10:00 AM - 05:00 PM 12/16/2020 - 12/18/2020 10:00 AM - 07:00 PM 12/21/2020 - 12/21/2020 10:00 AM - 07:00 PM 12/23/2020 - 12/23/2020 10:00 AM - 05:00 PM 12/28/2020 - 12/29/2020 10:00 AM - 05:00 PM 12/30/2020 - 12/30/2020 10:00 AM - 07:00 PM 12/31/2020 - 12/31/2020 10:00 AM - 05:00 PM,49,-83.3555249981496,33.9592559888562
13030,Georgia,Clay County,"210 SOUTH WASHINGTON FORT GAINES, GA 39851",REGISTRARS OFFICE,12/14/2020 - 12/18/2020 08:30 AM - 04:30 PM 12/21/2020 - 12/23/2020 08:30 AM - 04:30 PM 12/28/2020 - 12/31/2020 08:30 AM - 04:30 PM,50,-83.3802699685081,30.9868299871298
13031,Georgia,Clayton County,"3499 REX ROAD REX, GA 30273",CARL RHODENIZER RECREATION CENTER,12/14/2020 - 12/18/2020 08:00 AM - 05:00 PM 12/19/2020 - 12/19/2020 09:00 AM - 04:00 PM 12/21/2020 - 12/23/2020 08:00 AM - 05:00 PM 12/28/2020 - 12/31/2020 08:00 AM - 07:00 PM,51,-84.2761629840915,33.5870230028145
13031,Georgia,Clayton County,"121 S. MCDONOUGH STREET JONESBORO, GA 30236",ELECTIONS AND REGISTRATION,12/14/2020 - 12/18/2020 08:00 AM - 05:00 PM 12/19/2020 - 12/19/2020 09:00 AM - 04:00 PM 12/21/2020 - 12/23/2020 08:00 AM - 05:00 PM 12/28/2020 - 12/31/2020 08:00 AM - 07:00 PM,52,-84.3533800099578,33.521153984399
13031,Georgia,Clayton County,"2300 HIGHWAY 138 SE JONESBORO, GA 30236",J. CHARLEY GRISWELL SENIOR CENTER,12/14/2020 - 12/18/2020 08:00 AM - 05:00 PM 12/19/2020 - 12/19/2020 09:00 AM - 04:00 PM 12/21/2020 - 12/23/2020 08:00 AM - 05:00 PM 12/28/2020 - 12/31/2020 08:00 AM - 07:00 PM,53,-83.7874700336268,33.7691400078569
13031,Georgia,Clayton County,"865 BATTLE CREEK RD JONESBORO, GA 30236",LEE HEADQUARTERS LIBRARY,12/14/2020 - 12/18/2020 08:00 AM - 05:00 PM 12/19/2020 - 12/19/2020 09:00 AM - 04:00 PM 12/21/2020 - 12/23/2020 08:00 AM - 05:00 PM 12/28/2020 - 12/31/2020 08:00 AM - 07:00 PM,54,-84.363362018428,33.5533350022162
13031,Georgia,Clayton County,"1500 MORROW ROAD MORROW, GA 30260",MORROW MUNICIPAL COMPLEX,12/14/2020 - 12/18/2020 08:00 AM - 05:00 PM 12/19/2020 - 12/19/2020 09:00 AM - 04:00 PM 12/21/2020 - 12/23/2020 08:00 AM - 05:00 PM 12/28/2020 - 12/31/2020 08:00 AM - 07:00 PM,55,-84.3412959877401,33.5837339858828
13031,Georgia,Clayton County,"1837 MCDONOUGH ROAD HAMPTON, GA 30228",SOUTH CLAYTON RECREATION CENTER,12/14/2020 - 12/18/2020 08:00 AM - 05:00 PM 12/19/2020 - 12/19/2020 09:00 AM - 04:00 PM 12/21/2020 - 12/23/2020 08:00 AM - 05:00 PM 12/28/2020 - 12/31/2020 08:00 AM - 07:00 PM,56,-84.3315243197937,33.4483020979949
13031,Georgia,Clayton County,"1475 EAST FAYETTEVILLE ROAD RIVERDALE, GA 30274",VIRGINIA BURTON GRAY RECREATION CTR,12/14/2020 - 12/18/2020 08:00 AM - 05:00 PM 12/19/2020 - 12/19/2020 09:00 AM - 04:00 PM 12/21/2020 - 12/23/2020 08:00 AM - 05:00 PM 12/28/2020 - 12/31/2020 08:00 AM - 07:00 PM,57,-84.4375109418661,33.5900643014591
13032,Georgia,Clinch County,"25 COURT SQUARE HOMERVILLE, GA 31634",COURTHOUSE,12/14/2020 - 01/01/2021 09:00 AM - 05:00 PM,58,-82.7482226675492,31.0369894340184
13033,Georgia,Cobb County,"736 WHITLOCK AVE NW MARIETTA, GA 30064 - 4663",1 MAIN OFFICE,12/14/2020 - 12/18/2020 07:00 AM - 07:00 PM 12/19/2020 - 12/19/2020 08:00 AM - 06:00 PM 12/21/2020 - 12/23/2020 07:00 AM - 07:00 PM 12/28/2020 - 12/30/2020 07:00 AM - 07:00 PM 12/31/2020 - 12/31/2020 07:00 AM - 03:00 PM,59,-84.5735608662062,33.9519890934357
13033,Georgia,Cobb County,"135 RIVERSIDE PARKWAY AUSTELL, GA 30168",4 SOUTH- RIVERSIDE EPICENTER,12/14/2020 - 12/18/2020 07:00 AM - 07:00 PM 12/19/2020 - 12/19/2020 08:00 AM - 06:00 PM 12/21/2020 - 12/23/2020 07:00 AM - 07:00 PM 12/28/2020 - 12/30/2020 07:00 AM - 07:00 PM 12/31/2020 - 12/31/2020 07:00 AM - 03:00 PMa,60,-85.1680714279092,34.257849313277
13033,Georgia,Cobb County,"4400 LOWER ROSWELL RD MARIETTA, GA 30068 - 4233",6 EAST- EAST COBB GOVT SVC CENTER,12/14/2020 - 12/18/2020 07:00 AM - 07:00 PM 12/19/2020 - 12/19/2020 08:00 AM - 06:00 PM 12/21/2020 - 12/23/2020 07:00 AM - 07:00 PM 12/28/2020 - 12/30/2020 07:00 AM - 07:00 PM 12/31/2020 - 12/31/2020 07:00 AM - 03:00 PM,61,-84.4230099880035,33.9620500125097
13033,Georgia,Cobb County,"4845 DALLAS HWY POWDER SPRINGS, GA 30127 - 4486",7 WEST- WARD RECREATION CENTER,12/14/2020 - 12/18/2020 07:00 AM - 07:00 PM 12/19/2020 - 12/19/2020 08:00 AM - 06:00 PM 12/21/2020 - 12/23/2020 07:00 AM - 07:00 PM 12/28/2020 - 12/30/2020 07:00 AM - 07:00 PM 12/31/2020 - 12/31/2020 07:00 AM - 03:00 PM,62,-84.6843699995583,33.8601299997015
13033,Georgia,Cobb County,"3535 OLD HWY 41 NW KENNESAW, GA 30144",9 NORTH - NORTH COBB REGIONAL LIBRARY,12/14/2020 - 12/18/2020 07:00 AM - 07:00 PM 12/19/2020 - 12/19/2020 08:00 AM - 06:00 PM 12/21/2020 - 12/23/2020 07:00 AM - 07:00 PM 12/28/2020 - 12/30/2020 07:00 AM - 07:00 PM 12/31/2020 - 12/31/2020 07:00 AM - 03:00 PM,63,-84.4936810766326,33.8675187150255
13034,Georgia,Coffee County,"224 W ASHLEY ST DOUGLAS, GA 31533 - 2340",ELECTIONS & REGISTRATION OFFICE,12/14/2020 - 12/23/2020 08:30 AM - 05:00 PM 12/28/2020 - 12/31/2020 08:30 AM - 05:00 PM,64,-81.5478664878022,30.7322672732187
13035,Georgia,Colquitt County,"101 EAST CENTRAL AVE MOULTRIE, GA 31768",COURTHOUSE ANNEX,12/14/2020 - 12/31/2020 08:00 AM - 04:30 PM,65,-83.2790699709181,30.8319700096349
13036,Georgia,Columbia County,"610 RONALD REAGAN DRIVE EVANS, GA 30809","COLUMBIA COUNTY BOARD OF ELECTIONS, BUILDING G3",12/14/2020 - 12/31/2020 08:00 AM - 05:00 PM,66,-82.1360379655319,33.5435570094989
13037,Georgia,Cook County,"5907 EUCHEE CREEK DRIVE GROVETOWN, GA 30813",THE FORMER EUCHEE CREEK LIBRARY,12/14/2020 - 12/31/2020 08:00 AM - 05:00 PM,67,-82.2648099783919,33.4763138152639
13038,Georgia,Coweta County,"65 LITERARY LANE NEWNAN, GA 30265",EAST SIDE ADV. VOTING SITE AT CENTRAL COMPLEX,12/14/2020 - 12/18/2020 08:30 AM - 04:30 PM 12/21/2020 - 12/23/2020 08:30 AM - 04:30 PM 12/28/2020 - 12/31/2020 08:30 AM - 04:30 PM,68,-84.6706929634063,33.3858470167267
13038,Georgia,Coweta County,"22 EAST BROAD STREET NEWNAN, GA 30263",VOTER REGISTRATION OFFICE,12/14/2020 - 12/18/2020 08:30 AM - 04:30 PM 12/21/2020 - 12/23/2020 08:30 AM - 04:30 PM 12/28/2020 - 12/31/2020 08:30 AM - 04:30 PM,69,-84.7984429746457,33.3745000155596
13039,Georgia,Crawford County,"640 GA HWY 128 ROBERTA, GA 31078",BOARD OF ELECTIONS,12/14/2020 - 12/31/2020 08:00 AM - 05:00 PM,70,-84.0654826267446,32.3287728433765
13040,Georgia,Crisp County,"210 SOUTH 7TH STREET CORDELE, GA 31015",GOVERNMENT CENTER,12/14/2020 - 12/18/2020 08:00 AM - 06:00 PM 12/21/2020 - 12/23/2020 08:00 AM - 06:00 PM 12/28/2020 - 12/31/2020 08:00 AM - 06:00 PM,71,-83.3409504183663,32.3842851426658
13041,Georgia,Dade County,"71 CASE AVE TRENTON, GA 30752",ADMIN.BLDG CMM/ROOM,12/14/2020 - 12/17/2020 08:00 AM - 05:00 PM 12/18/2020 - 12/18/2020 08:00 AM - 02:00 PM 12/21/2020 - 12/23/2020 08:00 AM - 05:00 PM 12/28/2020 - 12/30/2020 08:00 AM - 05:00 PM,72,-85.5109299743148,34.8719799917126
13042,Georgia,Dawson County,"96 ACADEMY AVENUE DAWSONVILLE, GA 30534",DAWSON CO ELECT & REG OFFICE,12/14/2020 - 12/18/2020 08:00 AM - 05:00 PM 12/21/2020 - 12/23/2020 08:00 AM - 05:00 PM 12/28/2020 - 12/31/2020 08:00 AM - 05:00 PM,73,-84.1230400298044,34.4201700131204
13043,Georgia,Decatur County,"122 W. WATER ST. BAINBRIDGE, GA 39817",COURTHOUSE ANNEX,12/14/2020 - 12/18/2020 08:00 AM - 06:00 PM 12/19/2020 - 12/19/2020 09:00 AM - 04:00 PM 12/21/2020 - 12/23/2020 08:00 AM - 06:00 PM 12/28/2020 - 12/30/2020 08:00 AM - 06:00 PM 12/31/2020 - 12/31/2020 08:00 AM - 12:00 PM,74,-84.5766885332258,30.9065868171425
13044,Georgia,DeKalb County,"2197 YOUNG ROAD STONE MOUNTAIN, GA 30088",AV-BEREAN: KERWIN B. LEE FAMILY LIFE CENTER,12/14/2020 - 12/18/2020 07:00 AM - 07:00 PM 12/19/2020 - 12/19/2020 09:00 AM - 06:00 PM 12/20/2020 - 12/20/2020 12:00 PM - 06:00 PM 12/21/2020 - 12/23/2020 07:00 AM - 07:00 PM 12/24/2020 - 12/24/2020 07:00 AM - 03:00 PM 12/27/2020 - 12/27/2020 12:00 PM - 06:00 PM 12/28/2020 - 12/30/2020 07:00 AM - 07:00 PM 12/31/2020 - 12/31/2020 07:00 AM - 05:00 PM,75,-84.0965060259301,33.8244319868058
13044,Georgia,DeKalb County,"1530 WOODBINE AVENUE SE ATLANTA, GA 30317",AV-COAN RECREATION CENTER,12/14/2020 - 12/18/2020 07:00 AM - 07:00 PM 12/19/2020 - 12/19/2020 09:00 AM - 06:00 PM 12/20/2020 - 12/20/2020 12:00 PM - 06:00 PM 12/21/2020 - 12/23/2020 07:00 AM - 07:00 PM 12/24/2020 - 12/24/2020 07:00 AM - 03:00 PM 12/27/2020 - 12/27/2020 12:00 PM - 06:00 PM 12/28/2020 - 12/30/2020 07:00 AM - 07:00 PM 12/31/2020 - 12/31/2020 07:00 AM - 05:00 PM,76,-84.3366450367134,33.7519400073192
13044,Georgia,DeKalb County,"2050 WILL ROSS CT CHAMBLEE, GA 30341",AV-CORE4 ATLANTA,12/14/2020 - 12/18/2020 07:00 AM - 07:00 PM 12/19/2020 - 12/19/2020 09:00 AM - 06:00 PM 12/20/2020 - 12/20/2020 12:00 PM - 06:00 PM 12/21/2020 - 12/23/2020 07:00 AM - 07:00 PM 12/24/2020 - 12/24/2020 07:00 AM - 03:00 PM 12/27/2020 - 12/27/2020 12:00 PM - 06:00 PM 12/28/2020 - 12/30/2020 07:00 AM - 07:00 PM 12/31/2020 - 12/31/2020 07:00 AM - 05:00 PM,77,-84.3089430145606,33.8956660094051
13044,Georgia,DeKalb County,"4331 RIVER RD. ELLENWOOD, GA 30294",AV-COUNTY LINE-ELLENWOOD LIBRARY,12/14/2020 - 12/18/2020 07:00 AM - 07:00 PM 12/19/2020 - 12/19/2020 09:00 AM - 06:00 PM 12/20/2020 - 12/20/2020 12:00 PM - 06:00 PM 12/21/2020 - 12/23/2020 07:00 AM - 07:00 PM 12/24/2020 - 12/24/2020 07:00 AM - 03:00 PM 12/27/2020 - 12/27/2020 12:00 PM - 06:00 PM 12/28/2020 - 12/30/2020 07:00 AM - 07:00 PM 12/31/2020 - 12/31/2020 07:00 AM - 05:00 PM,78,-84.2345299873272,33.6550130201432
13044,Georgia,DeKalb County,"5339 CHAMBLEE DUNWOODY RD DUNWOODY, GA 30338",AV-DUNWOODY LIBRARY,12/14/2020 - 12/18/2020 07:00 AM - 07:00 PM 12/19/2020 - 12/19/2020 09:00 AM - 06:00 PM 12/20/2020 - 12/20/2020 12:00 PM - 06:00 PM 12/21/2020 - 12/23/2020 07:00 AM - 07:00 PM 12/24/2020 - 12/24/2020 07:00 AM - 03:00 PM 12/27/2020 - 12/27/2020 12:00 PM - 06:00 PM 12/28/2020 - 12/30/2020 07:00 AM - 07:00 PM 12/31/2020 - 12/31/2020 07:00 AM - 05:00 PM,79,-84.3320990277765,33.9447379879308
13044,Georgia,DeKalb County,"4022 FLAT SHOALS PKWY DECATUR, GA 30034",AV-FLAT SHOALS LIBRARY,12/14/2020 - 12/18/2020 07:00 AM - 07:00 PM 12/19/2020 - 12/19/2020 09:00 AM - 06:00 PM 12/20/2020 - 12/20/2020 12:00 PM - 06:00 PM 12/21/2020 - 12/23/2020 07:00 AM - 07:00 PM 12/24/2020 - 12/24/2020 07:00 AM - 03:00 PM 12/27/2020 - 12/27/2020 12:00 PM - 06:00 PM 12/28/2020 - 12/30/2020 07:00 AM - 07:00 PM 12/31/2020 - 12/31/2020 07:00 AM - 05:00 PM,80,-84.2583329995501,33.6914320120864
13044,Georgia,DeKalb County,"4380 MEMORIAL DRIVE DECATUR, GA 30032",AV-MEMORIAL 1,12/14/2020 - 12/18/2020 07:00 AM - 07:00 PM 12/19/2020 - 12/19/2020 09:00 AM - 06:00 PM 12/20/2020 - 12/20/2020 12:00 PM - 06:00 PM 12/21/2020 - 12/23/2020 07:00 AM - 07:00 PM 12/24/2020 - 12/24/2020 07:00 AM - 03:00 PM 12/27/2020 - 12/27/2020 12:00 PM - 06:00 PM 12/28/2020 - 12/30/2020 07:00 AM - 07:00 PM 12/31/2020 - 12/31/2020 07:00 AM - 05:00 PM,81,-84.2467119932845,33.7779410063188
13044,Georgia,DeKalb County,"4380 MEMORIAL DR DECATUR, GA 30032",AV-MEMORIAL 2,12/14/2020 - 12/18/2020 07:00 AM - 07:00 PM 12/19/2020 - 12/19/2020 09:00 AM - 06:00 PM 12/20/2020 - 12/20/2020 12:00 PM - 06:00 PM 12/21/2020 - 12/23/2020 07:00 AM - 07:00 PM 12/24/2020 - 12/24/2020 07:00 AM - 03:00 PM 12/27/2020 - 12/27/2020 12:00 PM - 06:00 PM 12/28/2020 - 12/30/2020 07:00 AM - 07:00 PM 12/31/2020 - 12/31/2020 07:00 AM - 05:00 PM,82,-84.2467119932845,33.7779410063188
13044,Georgia,DeKalb County,"5234 LAVISTA RD TUCKER, GA 30084",AV-REID H. COFER LIBRARY,12/14/2020 - 12/18/2020 07:00 AM - 07:00 PM 12/19/2020 - 12/19/2020 09:00 AM - 06:00 PM 12/20/2020 - 12/20/2020 12:00 PM - 06:00 PM 12/21/2020 - 12/23/2020 07:00 AM - 07:00 PM 12/24/2020 - 12/24/2020 07:00 AM - 03:00 PM 12/27/2020 - 12/27/2020 12:00 PM - 06:00 PM 12/28/2020 - 12/30/2020 07:00 AM - 07:00 PM 12/31/2020 - 12/31/2020 07:00 AM - 05:00 PM,83,-84.2085650302528,33.8572960035966
13044,Georgia,DeKalb County,"2801 CANDLER ROAD DECATUR, GA 30034",AV-SOUTH DEKALB,12/14/2020 - 12/18/2020 07:00 AM - 07:00 PM 12/19/2020 - 12/19/2020 09:00 AM - 06:00 PM 12/20/2020 - 12/20/2020 12:00 PM - 06:00 PM 12/21/2020 - 12/23/2020 07:00 AM - 07:00 PM 12/24/2020 - 12/24/2020 07:00 AM - 03:00 PM 12/27/2020 - 12/27/2020 12:00 PM - 06:00 PM 12/28/2020 - 12/30/2020 07:00 AM - 07:00 PM 12/31/2020 - 12/31/2020 07:00 AM - 05:00 PM,84,-84.2742310393937,33.7085329801592
13044,Georgia,DeKalb County,"2994 TURNER HILL ROAD STONECREST, GA 30038",AV-STONECREST (FORMER SAM'S CLUB),12/14/2020 - 12/18/2020 07:00 AM - 07:00 PM 12/19/2020 - 12/19/2020 09:00 AM - 06:00 PM 12/20/2020 - 12/20/2020 12:00 PM - 06:00 PM 12/21/2020 - 12/23/2020 07:00 AM - 07:00 PM 12/24/2020 - 12/24/2020 07:00 AM - 03:00 PM 12/27/2020 - 12/27/2020 12:00 PM - 06:00 PM 12/28/2020 - 12/30/2020 07:00 AM - 07:00 PM 12/31/2020 - 12/31/2020 07:00 AM - 05:00 PM,85,-84.0868010390289,33.6949610030907
13045,Georgia,Dodge County,"5016 COURTHOUSE CIRCLE, SUITE B EASTMAN, GA 31023",DODGE COUNTY REGISTRARS OFFICE,12/14/2020 - 12/18/2020 09:00 AM - 05:00 PM 12/21/2020 - 12/23/2020 09:00 AM - 05:00 PM 12/26/2020 - 12/26/2020 09:00 AM - 03:00 PM 12/28/2020 - 12/31/2020 09:00 AM - 05:00 PM,86,-83.1752099764318,32.2008599820408
13046,Georgia,Dooly County,"402 HAWKINSVILLE ROAD VIENNA, GA 31092",VIENNA VOTING PRECINCT,12/14/2020 - 12/23/2020 08:00 AM - 05:00 PM 12/28/2020 - 12/31/2020 08:00 AM - 05:00 PM,87,-81.1708564754411,32.1097339147451
13047,Georgia,Dougherty County,"100 W OGLETHORPE BLVD ALBANY, GA 31701","ALBANY JAMES H. GRAY, SR. CIVIC CENTER",12/14/2020 - 12/18/2020 08:30 AM - 05:00 PM 12/21/2020 - 12/23/2020 08:30 AM - 05:00 PM 12/28/2020 - 12/31/2020 08:30 AM - 05:00 PM,88,-84.1501900201472,31.5737800072166
13048,Georgia,Douglas County,"6754 CHURCH STREET DOUGLASVILLE, GA 30134",0730-OLD COURTHOUSE,12/14/2020 - 12/30/2020 08:30 AM - 06:00 PM 12/31/2020 - 12/31/2020 08:30 AM - 02:00 PM,89,-84.7505099724196,33.74908001795
13048,Georgia,Douglas County,"5000 GEORGIA HIGHWAY 92 DOUGLASVILLE, GA 30135",0785-BOUNDARY WATERS AQUATIC CENTER,12/14/2020 - 12/30/2020 08:30 AM - 06:00 PM 12/31/2020 - 12/31/2020 08:30 AM - 02:00 PM,90,-84.6610400284859,33.6669200164017
13048,Georgia,Douglas County,"6100 GA. HIGHWAY 5 DOUGLASVILLE, GA 30135",1260- DOG RIVER LIBRARY,12/14/2020 - 12/30/2020 08:30 AM - 06:00 PM 12/31/2020 - 12/31/2020 08:30 AM - 02:00 PM,91,-84.8308999673452,33.6404500077522
13048,Georgia,Douglas County,"2105 MACK RD DOUGLASVILLE, GA 30135",1276-DEER LICK PARK REC. CTR.,12/14/2020 - 12/30/2020 08:30 AM - 06:00 PM 12/31/2020 - 12/31/2020 08:30 AM - 02:00 PM,92,-84.7491200001973,33.7501800003293
13048,Georgia,Douglas County,"8700 HOSPITAL DR DOUGLASVILLE, GA 30134",DOUGLAS COUNTY COURTHOUSE,12/14/2020 - 12/30/2020 08:30 AM - 06:00 PM 12/31/2020 - 12/31/2020 08:30 AM - 02:00 PM,93,-84.7300499983057,33.7429600134026
13049,Georgia,Early County,"17 MCDONALD AVE. BLAKELY, GA 39823",REGISTRAR'S OFFICE,12/14/2020 - 12/18/2020 08:30 AM - 04:30 PM 12/21/2020 - 12/22/2020 08:30 AM - 04:30 PM 12/23/2020 - 12/23/2020 08:30 AM - 12:00 PM 12/28/2020 - 12/31/2020 08:30 AM - 04:30 PM,94,-84.9332499621108,31.3784799872014
13050,Georgia,Echols County,"110 HWY 94 E STATENVILLE, GA 31648",COURTHOUSE,12/14/2020 - 12/18/2020 08:00 AM - 04:30 PM 12/21/2020 - 12/23/2020 08:00 AM - 04:30 PM 12/28/2020 - 12/31/2020 07:00 AM - 07:00 PM,95,-83.0274100001406,30.7034299996301
13051,Georgia,Effingham County,"284 GA HIGHWAY 119 S. SPRINGFIELD, GA 31329",EFFINGHAM CO. BOARD OF ELECTIONS AND REGISTRATION,12/14/2020 - 12/18/2020 08:30 AM - 05:00 PM 12/21/2020 - 12/23/2020 08:30 AM - 05:00 PM 12/28/2020 - 12/31/2020 08:30 AM - 05:00 PM,96,-81.3165399625325,32.3695599905752
13052,Georgia,Elbert County,"45 FOREST AVE. ELBERTON, GA 30635",ELBERT COUNTY ROCK GYM,12/14/2020 - 12/31/2020 09:00 AM - 05:00 PM,97,-82.8708000401438,34.1109999942634
13053,Georgia,Emanuel County,"105 SOUTH MAIN STREET SWAINSBORO, GA 30401",OFFICE,12/14/2020 - 12/18/2020 08:00 AM - 05:00 PM 12/21/2020 - 12/22/2020 08:00 AM - 05:00 PM 12/23/2020 - 12/23/2020 08:00 AM - 12:00 PM 12/28/2020 - 12/31/2020 08:00 AM - 05:00 PM,98,-84.9342599811039,34.3675400007548
13054,Georgia,Evans County,"201 FREEMAN ST CLAXTON, GA 30417",COURTHOUSE ANNEX,12/14/2020 - 12/14/2020 08:00 AM - 05:00 PM 12/15/2020 - 12/15/2020 08:00 AM - 05:00 PM 12/16/2020 - 12/16/2020 08:00 AM - 05:00 PM 12/17/2020 - 12/17/2020 08:00 AM - 05:00 PM 12/18/2020 - 12/18/2020 08:00 AM - 05:00 PM 12/21/2020 - 12/21/2020 08:00 AM - 05:00 PM 12/22/2020 - 12/22/2020 08:00 AM - 05:00 PM 12/23/2020 - 12/23/2020 08:00 AM - 05:00 PM 12/28/2020 - 12/28/2020 08:00 AM - 05:00 PM 12/29/2020 - 12/29/2020 08:00 AM - 05:00 PM 12/30/2020 - 12/30/2020 08:00 AM - 05:00 PM 12/31/2020 - 12/31/2020 08:00 AM - 05:00 PMa,99,-84.2873157489052,33.7717943883928
13055,Georgia,Fannin County,"400 WEST MAIN ST. SUITE 301 BLUE RIDGE, GA 30513",ELECTION OFFICE,12/14/2020 - 12/18/2020 09:00 AM - 05:00 PM 12/21/2020 - 12/23/2020 09:00 AM - 05:00 PM 12/28/2020 - 12/31/2020 09:00 AM - 05:00 PM,100,-84.3267399743372,34.8638899878566
13055,Georgia,Fannin County,"140 STONEWALL AVENUE WEST, STE 209 FAYETTEVILLE, GA 30214",FAYETTE COUNTY ELECTIONS OFFICE,12/14/2020 - 12/18/2020 08:00 AM - 05:00 PM 12/21/2020 - 12/23/2020 08:00 AM - 05:00 PM 12/28/2020 - 12/31/2020 07:00 AM - 05:00 PM,101,-84.4561599959105,33.4476000180442
13055,Georgia,Fannin County,"201 WILLOWBEND RD PEACHTREE CITY, GA 30269",PEACHTREE CITY LIBRARY,12/14/2020 - 12/18/2020 08:00 AM - 05:00 PM 12/21/2020 - 12/23/2020 08:00 AM - 05:00 PM 12/28/2020 - 12/31/2020 07:00 AM - 05:00 PM,102,-84.5831800002174,33.3988099997283
13056,Georgia,Fayette County,"881 SENOIA RD. TYRONE, GA 30290",TYRONE TOWN HALL,12/14/2020 - 12/18/2020 08:00 AM - 05:00 PM 12/21/2020 - 12/23/2020 08:00 AM - 05:00 PM 12/28/2020 - 12/31/2020 09:00 AM - 05:00 PM,103,-84.5772441529072,33.5438863986533
13057,Georgia,Floyd County,"2200 REDMOND CIRCLE NW ROME, GA 30165",GARDEN LKS BAPTIST/FELLOW HALL,12/14/2020 - 12/18/2020 08:00 AM - 05:00 PM 12/19/2020 - 12/19/2020 09:00 AM - 04:00 PM 12/20/2020 - 12/20/2020 01:00 PM - 04:00 PM 12/21/2020 - 12/23/2020 08:00 AM - 05:00 PM 12/28/2020 - 12/31/2020 08:00 AM - 05:00 PM,104,-85.2269199983915,34.283169984979
13057,Georgia,Floyd County,"12 EAST FOURTH AVE ROME, GA 30161",MAIN OFFICE,12/14/2020 - 12/18/2020 08:00 AM - 05:00 PM 12/19/2020 - 12/20/2020 09:00 AM - 04:00 PM 12/21/2020 - 12/23/2020 08:00 AM - 05:00 PM 12/28/2020 - 12/31/2020 08:00 AM - 05:00 PM,105,-85.1714499880995,34.2537800151104
13058,Georgia,Forsyth County,,,,106,-83.44453440099,32.6483245537677
13059,Georgia,Franklin County,"7850 ROYSTON RD CARNESVILLE, GA 30521",FRANKLIN COUNTY BOARD OF ELECTIONS & REGISTRATION BUILDING,12/14/2020 - 12/18/2020 08:00 AM - 04:30 PM 12/21/2020 - 12/23/2020 08:00 AM - 04:30 PM 12/28/2020 - 12/30/2020 08:00 AM - 04:30 PM,107,-83.2313600104956,34.367040020256
13060,Georgia,Fulton County,"10 PARK PLAZA ALPHARETTA, GA 30009",AA - ALPHARETTA BRANCH LIBRARY,12/14/2020 - 12/18/2020 08:30 AM - 06:00 PM 12/19/2020 - 12/19/2020 08:30 AM - 06:00 PM 12/20/2020 - 12/20/2020 12:00 PM - 06:00 PM 12/21/2020 - 12/23/2020 08:30 AM - 06:00 PM 12/26/2020 - 12/26/2020 08:30 AM - 06:00 PM 12/27/2020 - 12/27/2020 12:00 PM - 06:00 PM 12/28/2020 - 12/30/2020 07:00 AM - 07:00 PM,108,-84.2923000000552,34.0735600003464
13060,Georgia,Fulton County,"269 BUCKHEAD AVENUE NE ATLANTA, GA 30305",AA - BUCKHEAD LIBRARY,12/14/2020 - 12/18/2020 08:30 AM - 06:00 PM 12/19/2020 - 12/19/2020 08:30 AM - 06:00 PM 12/20/2020 - 12/20/2020 12:00 PM - 06:00 PM 12/21/2020 - 12/23/2020 08:30 AM - 06:00 PM 12/26/2020 - 12/26/2020 08:30 AM - 06:00 PM 12/27/2020 - 12/27/2020 12:00 PM - 06:00 PM 12/28/2020 - 12/30/2020 07:00 AM - 07:00 PM,109,-84.3790599818983,33.8377999905663
13060,Georgia,Fulton County,"3201 MARTIN LUTHER KING JR. DR., S.W. ATLANTA, GA 30311",AA - C.T MARTIN NATATORIUM AND RECREATION CENTER,12/14/2020 - 12/18/2020 08:30 AM - 06:00 PM 12/19/2020 - 12/19/2020 08:30 AM - 06:00 PM 12/20/2020 - 12/20/2020 12:00 PM - 06:00 PM 12/21/2020 - 12/23/2020 08:30 AM - 06:00 PM 12/26/2020 - 12/26/2020 08:30 AM - 06:00 PM 12/27/2020 - 12/27/2020 12:00 PM - 06:00 PM 12/28/2020 - 12/30/2020 07:00 AM - 07:00 PM,110,-84.4916479681591,33.7542790188452
13060,Georgia,Fulton County,"140 WEST WIEUCA ROAD ATLANTA, GA 30342",AA - CHASTAIN PARK GYMNASIUM,12/14/2020 - 12/18/2020 08:30 AM - 06:00 PM 12/19/2020 - 12/19/2020 08:30 AM - 06:00 PM 12/20/2020 - 12/20/2020 12:00 PM - 06:00 PM 12/21/2020 - 12/23/2020 08:30 AM - 06:00 PM 12/26/2020 - 12/26/2020 08:30 AM - 06:00 PM 12/27/2020 - 12/27/2020 12:00 PM - 06:00 PM 12/28/2020 - 12/30/2020 07:00 AM - 07:00 PM,111,-81.331732214922,32.1735781445543
13060,Georgia,Fulton County,"3647 MAIN STREET COLLEGE PARK, GA 30337",AA - COLLEGE PARK LIBRARY,12/14/2020 - 12/18/2020 08:30 AM - 06:00 PM 12/19/2020 - 12/19/2020 08:30 AM - 06:00 PM 12/20/2020 - 12/20/2020 12:00 PM - 06:00 PM 12/21/2020 - 12/23/2020 08:30 AM - 06:00 PM 12/26/2020 - 12/26/2020 08:30 AM - 06:00 PM 12/27/2020 - 12/27/2020 12:00 PM - 06:00 PM 12/28/2020 - 12/30/2020 07:00 AM - 07:00 PM,112,-84.4480199946085,33.6555230165682
13060,Georgia,Fulton County,"2757 MAIN EAST POINT, GA 30344",AA - EAST POINT LIBRARY,12/14/2020 - 12/18/2020 08:30 AM - 06:00 PM 12/19/2020 - 12/19/2020 08:30 AM - 06:00 PM 12/20/2020 - 12/20/2020 12:00 PM - 06:00 PM 12/21/2020 - 12/23/2020 08:30 AM - 06:00 PM 12/26/2020 - 12/26/2020 08:30 AM - 06:00 PM 12/27/2020 - 12/27/2020 12:00 PM - 06:00 PM 12/28/2020 - 12/30/2020 07:00 AM - 07:00 PM,113,-84.4404099813578,33.6801599868243
13060,Georgia,Fulton County,"2301 HOLCOMB BRIDGE ROAD ROSWELL, GA 30076",AA - EAST ROSWELL LIBRARY,12/14/2020 - 12/18/2020 08:30 AM - 06:00 PM 12/19/2020 - 12/19/2020 08:30 AM - 06:00 PM 12/20/2020 - 12/20/2020 12:00 PM - 06:00 PM 12/21/2020 - 12/23/2020 08:30 AM - 06:00 PM 12/26/2020 - 12/26/2020 08:30 AM - 06:00 PM 12/27/2020 - 12/27/2020 12:00 PM - 06:00 PM 12/28/2020 - 12/30/2020 07:00 AM - 07:00 PM,114,-84.2938809864462,34.0030590186727
13060,Georgia,Fulton County,"5285 LAKESIDE DR UNION CITY, GA 30291",AA - ETRIS COMMUNITY RECREATION CENTER,12/14/2020 - 12/18/2020 08:30 AM - 06:00 PM 12/19/2020 - 12/19/2020 08:30 AM - 06:00 PM 12/20/2020 - 12/20/2020 12:00 PM - 06:00 PM 12/21/2020 - 12/23/2020 08:30 AM - 06:00 PM 12/26/2020 - 12/26/2020 08:30 AM - 06:00 PM 12/27/2020 - 12/27/2020 12:00 PM - 06:00 PM 12/28/2020 - 12/30/2020 07:00 AM - 07:00 PM,115,-84.5572350198782,33.5875249950216
13060,Georgia,Fulton County,"3665 CASCADE ROAD ATLANTA, GA 30331",AA - EVELYN G. LOWERY LIBRARY @ CASCADE,12/14/2020 - 12/18/2020 08:30 AM - 06:00 PM 12/19/2020 - 12/19/2020 08:30 AM - 06:00 PM 12/20/2020 - 12/20/2020 12:00 PM - 06:00 PM 12/21/2020 - 12/23/2020 08:30 AM - 06:00 PM 12/26/2020 - 12/26/2020 08:30 AM - 06:00 PM 12/27/2020 - 12/27/2020 12:00 PM - 06:00 PM 12/28/2020 - 12/30/2020 07:00 AM - 07:00 PM,116,-84.5066130186469,33.7246520092694
13060,Georgia,Fulton County,"4055 FLAT SHOALS ROAD UNION, GA 30291",AA - GLADYS S. DENNARD LIBRARY AT SOUTH FULTON,12/14/2020 - 12/18/2020 08:30 AM - 06:00 PM 12/19/2020 - 12/19/2020 08:30 AM - 06:00 PM 12/20/2020 - 12/20/2020 12:00 PM - 06:00 PM 12/21/2020 - 12/23/2020 08:30 AM - 06:00 PM 12/26/2020 - 12/26/2020 08:30 AM - 06:00 PM 12/27/2020 - 12/27/2020 12:00 PM - 06:00 PM 12/28/2020 - 12/30/2020 07:00 AM - 07:00 PM,117,-84.5194499871761,33.5877730157846
13060,Georgia,Fulton County,"8100 HOLCOMB BRIDGE ROAD ALPHARETTA, GA 30022",AA - JOHNS CREEK ENVIRONMENTAL CAMPUS,12/14/2020 - 12/18/2020 08:30 AM - 06:00 PM 12/19/2020 - 12/19/2020 08:30 AM - 06:00 PM 12/20/2020 - 12/20/2020 12:00 PM - 06:00 PM 12/21/2020 - 12/23/2020 08:30 AM - 06:00 PM 12/26/2020 - 12/26/2020 08:30 AM - 06:00 PM 12/27/2020 - 12/27/2020 12:00 PM - 06:00 PM 12/28/2020 - 12/30/2020 07:00 AM - 07:00 PM,118,-84.2663900198761,33.977127002842
13060,Georgia,Fulton County,"1 AMB DRIVE ATLANTA, GA 30313",AA - MERCEDES BENZ,12/14/2020 - 12/18/2020 08:30 AM - 06:00 PM 12/19/2020 - 12/19/2020 08:30 AM - 06:00 PM 12/20/2020 - 12/20/2020 12:00 PM - 06:00 PM 12/21/2020 - 12/23/2020 08:30 AM - 06:00 PM 12/26/2020 - 12/26/2020 08:30 AM - 06:00 PM 12/27/2020 - 12/27/2020 12:00 PM - 06:00 PM 12/28/2020 - 12/30/2020 07:00 AM - 07:00 PM,119,-84.4020506718642,33.754608748337
13060,Georgia,Fulton County,"1332 METROPOLITAN PARKWAY ATLANTA, GA 30310",AA - METROPOLITAN LIBRARY,12/14/2020 - 12/18/2020 08:30 AM - 06:00 PM 12/19/2020 - 12/19/2020 08:30 AM - 06:00 PM 12/20/2020 - 12/20/2020 12:00 PM - 06:00 PM 12/21/2020 - 12/23/2020 08:30 AM - 06:00 PM 12/26/2020 - 12/26/2020 08:30 AM - 06:00 PM 12/27/2020 - 12/27/2020 12:00 PM - 06:00 PM 12/28/2020 - 12/30/2020 07:00 AM - 07:00 PM,120,-84.3911100001874,33.7483100000036
13060,Georgia,Fulton County,"855 MAYFIELD ROAD MILTON, GA 30009",AA - MILTON LIBRARY,12/14/2020 - 12/18/2020 08:30 AM - 06:00 PM 12/19/2020 - 12/19/2020 08:30 AM - 06:00 PM 12/20/2020 - 12/20/2020 12:00 PM - 06:00 PM 12/21/2020 - 12/23/2020 08:30 AM - 06:00 PM 12/26/2020 - 12/26/2020 08:30 AM - 06:00 PM 12/27/2020 - 12/27/2020 12:00 PM - 06:00 PM 12/28/2020 - 12/30/2020 07:00 AM - 07:00 PM,121,-84.3366420192724,34.0904769881302
13060,Georgia,Fulton County,"66 BROOKS DRIVE FAIRBURN, GA 30213",AA - NEW BEGINNINGS SENIOR CENTER,12/14/2020 - 12/18/2020 08:30 AM - 06:00 PM 12/19/2020 - 12/19/2020 08:30 AM - 06:00 PM 12/20/2020 - 12/20/2020 12:00 PM - 06:00 PM 12/21/2020 - 12/23/2020 08:30 AM - 06:00 PM 12/26/2020 - 12/26/2020 08:30 AM - 06:00 PM 12/27/2020 - 12/27/2020 12:00 PM - 06:00 PM 12/28/2020 - 12/30/2020 07:00 AM - 07:00 PM,122,-84.0485900377955,34.4966799831603
13060,Georgia,Fulton County,"7741 ROSWELL RD NE SANDY SPRINGS, GA 30350",AA - NORTH FULTON ANNEX,12/14/2020 - 12/18/2020 08:30 AM - 06:00 PM 12/19/2020 - 12/19/2020 08:30 AM - 06:00 PM 12/20/2020 - 12/20/2020 12:00 PM - 06:00 PM 12/21/2020 - 12/23/2020 08:30 AM - 06:00 PM 12/26/2020 - 12/26/2020 08:30 AM - 06:00 PM 12/27/2020 - 12/27/2020 12:00 PM - 06:00 PM 12/28/2020 - 12/30/2020 07:00 AM - 07:00 PM,123,-84.3506700002564,33.9977599997905
13060,Georgia,Fulton County,"9500 SPRUILL ROAD JOHNS CREEK, GA 30022",AA - NORTH/EAST SPRUILL OAKS LIBRARY,12/14/2020 - 12/18/2020 08:30 AM - 06:00 PM 12/19/2020 - 12/19/2020 08:30 AM - 06:00 PM 12/20/2020 - 12/20/2020 12:00 PM - 06:00 PM 12/21/2020 - 12/23/2020 08:30 AM - 06:00 PM 12/26/2020 - 12/26/2020 08:30 AM - 06:00 PM 12/27/2020 - 12/27/2020 12:00 PM - 06:00 PM 12/28/2020 - 12/30/2020 07:00 AM - 07:00 PM,124,-84.2232685021096,34.0133352672601
13060,Georgia,Fulton County,"3295 NORTHSIDE PARKWAY ATLANTA, GA 30327",AA - NORTHSIDE BRANCH LIBRARY,12/14/2020 - 12/18/2020 08:30 AM - 06:00 PM 12/19/2020 - 12/19/2020 08:30 AM - 06:00 PM 12/20/2020 - 12/20/2020 12:00 PM - 06:00 PM 12/21/2020 - 12/23/2020 08:30 AM - 06:00 PM 12/26/2020 - 12/26/2020 08:30 AM - 06:00 PM 12/27/2020 - 12/27/2020 12:00 PM - 06:00 PM 12/28/2020 - 12/30/2020 07:00 AM - 07:00 PM,125,-84.4254099783205,33.8451150033017
13060,Georgia,Fulton County,"2489 PERRY BOULEVARD ATLANTA, GA 30318",AA - NORTHWEST BRANCH AT SCOTTS CROSSING,12/14/2020 - 12/18/2020 08:30 AM - 06:00 PM 12/19/2020 - 12/19/2020 08:30 AM - 06:00 PM 12/20/2020 - 12/20/2020 12:00 PM - 06:00 PM 12/21/2020 - 12/23/2020 08:30 AM - 06:00 PM 12/26/2020 - 12/26/2020 08:30 AM - 06:00 PM 12/27/2020 - 12/27/2020 12:00 PM - 06:00 PM 12/28/2020 - 12/30/2020 07:00 AM - 07:00 PM,126,-84.4690490164205,33.8055059841774
13060,Georgia,Fulton County,"5090 ABBOTTS BRIDGE ROAD ALPHARETTA, GA 30005",AA - OCEE LIBRARY,12/14/2020 - 12/18/2020 08:30 AM - 06:00 PM 12/19/2020 - 12/19/2020 08:30 AM - 06:00 PM 12/20/2020 - 12/20/2020 12:00 PM - 06:00 PM 12/21/2020 - 12/23/2020 08:30 AM - 06:00 PM 12/26/2020 - 12/26/2020 08:30 AM - 06:00 PM 12/27/2020 - 12/27/2020 12:00 PM - 06:00 PM 12/28/2020 - 12/30/2020 07:00 AM - 07:00 PM,127,-84.209640009119,34.0646010047884
13060,Georgia,Fulton County,"9111 CASCADE PALMETTO HWY. PALMETTO, GA 30268",AA - PALMETTO LIBRARY,12/14/2020 - 12/18/2020 08:30 AM - 06:00 PM 12/19/2020 - 12/19/2020 08:30 AM - 06:00 PM 12/20/2020 - 12/20/2020 12:00 PM - 06:00 PM 12/21/2020 - 12/23/2020 08:30 AM - 06:00 PM 12/26/2020 - 12/26/2020 08:30 AM - 06:00 PM 12/27/2020 - 12/27/2020 12:00 PM - 06:00 PM 12/28/2020 - 12/30/2020 07:00 AM - 07:00 PM,128,-84.6641079728105,33.5304760019383
13060,Georgia,Fulton County,"3125 OLD ALABAMA ROAD JOHNS CREEK, GA 30022",AA - PARK PLACE AT NEWTOWN SCHOOL,12/14/2020 - 12/18/2020 08:30 AM - 06:00 PM 12/19/2020 - 12/19/2020 08:30 AM - 06:00 PM 12/20/2020 - 12/20/2020 12:00 PM - 06:00 PM 12/21/2020 - 12/23/2020 08:30 AM - 06:00 PM 12/26/2020 - 12/26/2020 08:30 AM - 06:00 PM 12/27/2020 - 12/27/2020 12:00 PM - 06:00 PM 12/28/2020 - 12/30/2020 07:00 AM - 07:00 PM,129,-84.2687320077719,34.0208600013434
13060,Georgia,Fulton County,"980 PONCE DE LEON AVE., NE , GA 30306",AA - PONCE DE LEON LIBRARY,12/14/2020 - 12/18/2020 08:30 AM - 06:00 PM 12/19/2020 - 12/19/2020 08:30 AM - 06:00 PM 12/20/2020 - 12/20/2020 12:00 PM - 06:00 PM 12/21/2020 - 12/23/2020 08:30 AM - 06:00 PM 12/26/2020 - 12/26/2020 08:30 AM - 06:00 PM 12/27/2020 - 12/27/2020 12:00 PM - 06:00 PM 12/28/2020 - 12/30/2020 07:00 AM - 07:00 PM,130,-84.3550660291684,33.7741680178016
13060,Georgia,Fulton County,"115 NORCROSS STREET ROSWELL, GA 30075",AA - ROSWELL BRANCH LIBRARY,12/14/2020 - 12/18/2020 08:30 AM - 06:00 PM 12/19/2020 - 12/19/2020 08:30 AM - 06:00 PM 12/20/2020 - 12/20/2020 12:00 PM - 06:00 PM 12/21/2020 - 12/23/2020 08:30 AM - 06:00 PM 12/26/2020 - 12/26/2020 08:30 AM - 06:00 PM 12/27/2020 - 12/27/2020 12:00 PM - 06:00 PM 12/28/2020 - 12/30/2020 07:00 AM - 07:00 PM,131,-84.3578410265907,34.0252599977787
13060,Georgia,Fulton County,"395 MOUNT VERNON HIGHWAY, NE SANDY SPRINGS, GA 30328",AA - SANDY SPRINGS BRANCH LIBRARY,12/14/2020 - 12/18/2020 08:30 AM - 06:00 PM 12/19/2020 - 12/19/2020 08:30 AM - 06:00 PM 12/20/2020 - 12/20/2020 12:00 PM - 06:00 PM 12/21/2020 - 12/23/2020 08:30 AM - 06:00 PM 12/26/2020 - 12/26/2020 08:30 AM - 06:00 PM 12/27/2020 - 12/27/2020 12:00 PM - 06:00 PM 12/28/2020 - 12/30/2020 07:00 AM - 07:00 PM,132,-84.3744459956471,33.9237150010175
13060,Georgia,Fulton County,"5600 STONEWALL TELL ROAD COLLEGE PARK, GA 30349",AA - SOUTH FULTON ANNEX,12/14/2020 - 12/18/2020 08:30 AM - 06:00 PM 12/19/2020 - 12/19/2020 08:30 AM - 06:00 PM 12/20/2020 - 12/20/2020 12:00 PM - 06:00 PM 12/21/2020 - 12/23/2020 08:30 AM - 06:00 PM 12/26/2020 - 12/26/2020 08:30 AM - 06:00 PM 12/27/2020 - 12/27/2020 12:00 PM - 06:00 PM 12/28/2020 - 12/30/2020 07:00 AM - 07:00 PM,133,-84.5504389728014,33.6018810159018
13060,Georgia,Fulton County,"915 NEW HOPE ROAD, SW ATLANTA, GA 30331",AA - SOUTHWEST ARTS CENTER,12/14/2020 - 12/18/2020 08:30 AM - 06:00 PM 12/19/2020 - 12/19/2020 08:30 AM - 06:00 PM 12/20/2020 - 12/20/2020 12:00 PM - 06:00 PM 12/21/2020 - 12/23/2020 08:30 AM - 06:00 PM 12/26/2020 - 12/26/2020 08:30 AM - 06:00 PM 12/27/2020 - 12/27/2020 12:00 PM - 06:00 PM 12/28/2020 - 12/30/2020 07:00 AM - 07:00 PM,134,-84.5414799756582,33.7301799997248
13060,Georgia,Fulton County,"1 STATE FARM ATLANTA, GA 30303",AA - STATE FARM ARENA,12/14/2020 - 12/18/2020 08:30 AM - 06:00 PM 12/19/2020 - 12/19/2020 08:30 AM - 06:00 PM 12/20/2020 - 12/20/2020 12:00 PM - 06:00 PM 12/21/2020 - 12/23/2020 08:30 AM - 06:00 PM 12/26/2020 - 12/26/2020 08:30 AM - 06:00 PM 12/27/2020 - 12/27/2020 12:00 PM - 06:00 PM 12/28/2020 - 12/30/2020 07:00 AM - 07:00 PM,135,-83.4578220192629,34.2038750017155
13060,Georgia,Fulton County,"3100 ENON ROAD ATLANTA, GA 30331",AA - WOLF CREEK LIBRARY,12/14/2020 - 12/18/2020 08:30 AM - 06:00 PM 12/19/2020 - 12/19/2020 08:30 AM - 06:00 PM 12/20/2020 - 12/20/2020 12:00 PM - 06:00 PM 12/21/2020 - 12/23/2020 08:30 AM - 06:00 PM 12/26/2020 - 12/26/2020 08:30 AM - 06:00 PM 12/27/2020 - 12/27/2020 12:00 PM - 06:00 PM 12/28/2020 - 12/30/2020 07:00 AM - 07:00 PM,136,-83.8465441504156,30.9701895966855
13060,Georgia,Fulton County,"2231 CAMPBELLTON ROAD ATLANTA, GA 30331",AA- ADAMS PARK LIBRARY,12/14/2020 - 12/18/2020 08:30 AM - 06:00 PM 12/19/2020 - 12/19/2020 08:30 AM - 06:00 PM 12/20/2020 - 12/20/2020 12:00 PM - 06:00 PM 12/21/2020 - 12/23/2020 08:30 AM - 06:00 PM 12/26/2020 - 12/26/2020 08:30 AM - 06:00 PM 12/27/2020 - 12/27/2020 12:00 PM - 06:00 PM 12/28/2020 - 12/30/2020 07:00 AM - 07:00 PM,137,-84.4616779703068,33.7056929818212
13060,Georgia,Fulton County,"1280 PEACHTREE STREET NE ATLANTA, GA 30309",AA- HIGH MUSEUM OF ART,12/14/2020 - 12/18/2020 08:30 AM - 06:00 PM 12/19/2020 - 12/19/2020 08:30 AM - 06:00 PM 12/20/2020 - 12/20/2020 12:00 PM - 06:00 PM 12/21/2020 - 12/23/2020 08:30 AM - 06:00 PM 12/26/2020 - 12/26/2020 08:30 AM - 06:00 PM 12/27/2020 - 12/27/2020 12:00 PM - 06:00 PM 12/28/2020 - 12/30/2020 07:00 AM - 07:00 PM,138,-84.3853530308065,33.7893419869096
13061,Georgia,Gilmer County,"1 BROAD ST., SUITE 107 ELLIJAY, GA 30540",VOTER REGISTRATION OFFICE,12/14/2020 - 12/18/2020 08:30 AM - 05:00 PM 12/21/2020 - 12/23/2020 08:30 AM - 05:00 PM 12/28/2020 - 12/31/2020 08:30 AM - 05:00 PM,139,-84.4835900252633,34.6950600177437
13062,Georgia,Glascock County,"676 WEST MAIN GIBSON, GA 30810",REGISTRAR'S OFFICE,12/14/2020 - 12/18/2020 08:00 AM - 05:00 PM 12/21/2020 - 12/23/2020 08:00 AM - 05:00 PM 12/29/2020 - 12/31/2020 08:00 AM - 05:00 PM,140,-83.38020708015,30.9895579580292
13063,Georgia,Glynn County,,,,141,-83.44453440099,32.6483245537677
13064,Georgia,Gordon County,"101 S PIEDMONT STREET CALHOUN, GA 30701",ADVANCED/EARLY VOTING,12/14/2020 - 12/18/2020 08:30 AM - 05:00 PM 12/21/2020 - 12/23/2020 08:30 AM - 05:00 PM 12/28/2020 - 12/31/2020 08:30 AM - 05:00 PM,142,-84.9505351822128,34.5027515473814
13065,Georgia,Grady County,"250 N. BROAD STREET CAIRO, GA 39828",GRADY COUNTY BOARD OF REGISTRARS,12/14/2020 - 12/18/2020 08:30 AM - 04:30 PM 12/21/2020 - 12/23/2020 08:30 AM - 04:30 PM 12/28/2020 - 12/31/2020 08:30 AM - 04:30 PM,143,-83.7098599804507,34.0015900060663
13066,Georgia,Greene County,"1180 C.WELDON SMITH DR. GREENSBORO, GA 30642",GREENE COUNTY ANNEX,12/14/2020 - 12/18/2020 08:30 AM - 05:00 PM 12/21/2020 - 12/23/2020 08:30 AM - 05:00 PM 12/28/2020 - 12/30/2020 08:30 AM - 05:00 PM 12/31/2020 - 12/31/2020 08:30 AM - 04:00 PM,144,-83.1933999635183,33.566130019344
13067,Georgia,Gwinnett County,"2723 N BOGAN RD BUFORD, GA 30519",BOGAN PARK COMMUNITY RECREATION CENTER,12/14/2020 - 12/23/2020 07:00 AM - 07:00 PM 12/26/2020 - 12/31/2020 07:00 AM - 07:00 PM,145,-83.9708347836318,34.10802810863
13067,Georgia,Gwinnett County,"2735 OLD AUBURN RD DACULA, GA 30019",DACULA PARK ACTIVITY BLDG,12/14/2020 - 12/23/2020 07:00 AM - 07:00 PM 12/26/2020 - 12/31/2020 07:00 AM - 07:00 PM,146,-83.8929820173441,33.9960809998335
13067,Georgia,Gwinnett County,"55 BUFORD HWY SUWANEE, GA 30024",GEORGE PIERCE PARK COMMUNITY RECREATION CENTER,12/14/2020 - 12/23/2020 07:00 AM - 07:00 PM 12/26/2020 - 12/31/2020 07:00 AM - 07:00 PM,147,-84.0526502944206,34.0730608175959
13067,Georgia,Gwinnett County,"455 GRAYSON HWY, STE 200 LAWRENCEVILLE, GA 30046",GWINNETT COUNTY BOARD OF VOTER REGISTRATIONS AND ELECTIONS,12/14/2020 - 12/23/2020 07:00 AM - 07:00 PM 12/26/2020 - 12/31/2020 07:00 AM - 07:00 PM,148,-83.9825940334332,33.9386689868627
13067,Georgia,Gwinnett County,"2405 SUGARLOAF PKWY LAWRENCEVILLE, GA 30045",GWINNETT COUNTY FAIRGROUNDS,12/14/2020 - 12/23/2020 07:00 AM - 07:00 PM 12/26/2020 - 12/31/2020 07:00 AM - 07:00 PM,149,-83.9864259886188,33.9192479913434
13067,Georgia,Gwinnett County,"4515 LENORA CHURCH ROAD SNELLVILLE, GA 30078",LENORA PARK GYM,12/14/2020 - 12/23/2020 07:00 AM - 07:00 PM 12/26/2020 - 12/31/2020 07:00 AM - 07:00 PM,150,-84.0029540115812,33.7943609866037
13067,Georgia,Gwinnett County,"4651 BRITT RD NORCROSS, GA 30071",LUCKY SHOALS PARK GYM,12/14/2020 - 12/23/2020 07:00 AM - 07:00 PM 12/26/2020 - 12/31/2020 07:00 AM - 07:00 PM,151,-84.1978900056768,33.8821299904892
13067,Georgia,Gwinnett County,"1063 ROCKBRIDGE RD STONE MOUNTAIN, GA 30087",MOUNTAIN PARK ACTIVITY BUILDING,12/14/2020 - 12/23/2020 07:00 AM - 07:00 PM 12/26/2020 - 12/31/2020 07:00 AM - 07:00 PM,152,-84.1331373666858,33.8458267537668
13067,Georgia,Gwinnett County,"2750 PLEASANT HILL RD DULUTH, GA 30096",SHORTY HOWELL PARK ACTIVITY BUILDING,12/14/2020 - 12/23/2020 07:00 AM - 07:00 PM 12/26/2020 - 12/31/2020 07:00 AM - 07:00 PM,153,-84.1491769828148,33.9735820025823
13068,Georgia,Habersham County,"325 OAK STREET CORNELIA, GA 30531",FIRST BAPTIST CHURCH OF CORNELIA,12/14/2020 - 12/18/2020 08:00 AM - 07:00 PM 12/21/2020 - 12/23/2020 08:00 AM - 07:00 PM 12/28/2020 - 12/31/2020 08:00 AM - 07:00 PM,154,-83.5245999711474,34.5105499796339
13069,Georgia,Hall County,"120 PAUL FRANKLIN RD CLARKESVILLE, GA 30523",RUBY FULBRIGHT AQUATIC CENTER,12/14/2020 - 12/18/2020 08:00 AM - 07:00 PM 12/21/2020 - 12/23/2020 08:00 AM - 07:00 PM 12/28/2020 - 12/31/2020 08:00 AM - 07:00 PM,155,-83.5030437775024,34.6085217661286
13070,Georgia,Hancock County,"12560 AUGUSTA HWY E SPARTA, GA 31087",YOUTH CENTER,12/14/2020 - 12/31/2020 09:00 AM - 05:00 PM,156,-82.9646623577446,33.2795403889458
13071,Georgia,Haralson County,"4485 GEORGIA HIGHWAY 120 BUCHANAN, GA 30113",HARALSON COUNTY COURTHOUSE,12/14/2020 - 12/18/2020 08:30 AM - 05:00 PM 12/21/2020 - 12/23/2020 08:30 AM - 05:00 PM 12/28/2020 - 12/31/2020 08:30 AM - 05:00 PM,157,-85.1814954418833,33.8027913311442
13072,Georgia,Harris County,"104 N COLLEGE ST HAMILTON, GA 31811",COURTHOUSE ANNEX,12/14/2020 - 12/18/2020 08:00 AM - 05:00 PM 12/21/2020 - 12/23/2020 08:00 AM - 05:00 PM 12/28/2020 - 12/31/2020 08:00 AM - 05:00 PM,158,-84.8745599595476,32.7591899936681
13073,Georgia,Hart County,"150 BENSON ST. HARTWELL, GA 30643",ADVANCED/ABSENTEE VOTING,12/14/2020 - 12/22/2020 08:00 AM - 05:00 PM 12/23/2020 - 12/23/2020 08:00 AM - 12:00 PM 12/28/2020 - 12/31/2020 08:00 AM - 05:00 PM,159,-82.930510036593,34.3497399823167
13074,Georgia,Heard County,"215 E COURT SQUARE FRANKLIN, GA 30217",HEARD COUNTY COURTHOUSE,12/14/2020 - 12/18/2020 08:30 AM - 05:00 PM 12/21/2020 - 12/23/2020 08:30 AM - 05:00 PM 12/28/2020 - 12/31/2020 08:30 AM - 05:00 PM,160,-85.0978500044702,33.279260012174
13075,Georgia,Henry County,"40 ATLANTA ST MCDONOUGH, GA 30253",ELECTIONS OFFICE,12/14/2020 - 12/18/2020 08:00 AM - 05:00 PM 12/19/2020 - 12/19/2020 09:00 AM - 04:00 PM 12/20/2020 - 12/20/2020 01:00 PM - 05:00 PM 12/21/2020 - 12/23/2020 07:00 AM - 07:00 PM 12/28/2020 - 12/30/2020 07:00 AM - 07:00 PM,161,-84.1478050334921,33.4489379794455
13075,Georgia,Henry County,"35 AUSTIN ROAD STOCKBRIDGE, GA 30281",FAIRVIEW RECREATION CENTER,12/14/2020 - 12/18/2020 08:00 AM - 05:00 PM 12/19/2020 - 12/19/2020 09:00 AM - 04:00 PM 12/20/2020 - 12/20/2020 01:00 PM - 05:00 PM 12/21/2020 - 12/23/2020 07:00 AM - 07:00 PM 12/28/2020 - 12/30/2020 07:00 AM - 07:00 PM,162,-82.6749137299872,33.4064135218391
13075,Georgia,Henry County,"61 MCDONOUGH ST HAMPTON, GA 30228",FORTSON LIBRARY,12/14/2020 - 12/18/2020 08:00 AM - 05:00 PM 12/19/2020 - 12/19/2020 09:00 AM - 04:00 PM 12/20/2020 - 12/20/2020 01:00 PM - 05:00 PM 12/21/2020 - 12/23/2020 07:00 AM - 07:00 PM 12/28/2020 - 12/30/2020 07:00 AM - 07:00 PM,163,-84.27416096631,33.3833880176263
13075,Georgia,Henry County,"1041 MILLERS MILL ROAD STOCKBRIDGE, GA 30281",J. P. MOSELEY PARK,12/14/2020 - 12/18/2020 08:00 AM - 05:00 PM 12/19/2020 - 12/19/2020 09:00 AM - 04:00 PM 12/20/2020 - 12/20/2020 01:00 PM - 05:00 PM 12/21/2020 - 12/23/2020 07:00 AM - 07:00 PM 12/28/2020 - 12/30/2020 07:00 AM - 07:00 PM,164,-84.1611050179732,33.5328239826204
13075,Georgia,Henry County,"115 M.L K. JR. BLVD LOCUST GROVE, GA 30248",LOCUST GROVE LIBRARY,12/14/2020 - 12/18/2020 08:00 AM - 05:00 PM 12/19/2020 - 12/19/2020 09:00 AM - 04:00 PM 12/20/2020 - 12/20/2020 01:00 PM - 05:00 PM 12/21/2020 - 12/23/2020 07:00 AM - 07:00 PM 12/28/2020 - 12/30/2020 07:00 AM - 07:00 PM,165,-84.1080550313274,33.3370290108859
13075,Georgia,Henry County,"111 DAVIS RD STOCKBRIDGE, GA 30281",MERLE MANDERS CONFERENCE CENTER,12/14/2020 - 12/18/2020 08:00 AM - 05:00 PM 12/19/2020 - 12/19/2020 09:00 AM - 04:00 PM 12/20/2020 - 12/20/2020 01:00 PM - 05:00 PM 12/21/2020 - 12/23/2020 07:00 AM - 07:00 PM 12/28/2020 - 12/30/2020 07:00 AM - 07:00 PM,166,-84.3527760097102,33.5240270072723
13076,Georgia,Houston County,"801 MAIN STREET PERRY, GA 31069",BOARD OF ELECTIONS,12/14/2020 - 12/18/2020 08:00 AM - 05:00 PM 12/21/2020 - 12/23/2020 08:00 AM - 05:00 PM 12/28/2020 - 12/31/2020 08:00 AM - 05:00 PM,167,-83.733810010953,32.457779982389
13076,Georgia,Houston County,"71 COHEN WALKER DR WARNER ROBINS, GA 31088",CENTRAL GA TECH HEALTH SCIENCES BLDG,12/14/2020 - 12/18/2020 08:00 AM - 05:00 PM 12/21/2020 - 12/23/2020 08:00 AM - 05:00 PM 12/28/2020 - 12/31/2020 08:00 AM - 05:00 PM,168,-83.6643299428635,32.5484580037451
13076,Georgia,Houston County,"233 N HOUSTON RD WARNER ROBINS, GA 31093",HOUSTON HEALTH PAVILION CONF CENTER,12/14/2020 - 12/18/2020 08:00 AM - 05:00 PM 12/21/2020 - 12/23/2020 08:00 AM - 05:00 PM 12/28/2020 - 12/31/2020 08:00 AM - 05:00 PM,169,-83.641770008551,32.6210499844838
13077,Georgia,Irwin County,"507 N IRWIN AVE SUITE C OCILLA, GA 31774",IRWIN COUNTY ELECTIONS OFFICE,12/14/2020 - 01/01/2021 08:00 AM - 05:00 PM,170,-83.2501199669517,31.6000499819384
13078,Georgia,Jackson County,"441 GORDON STREET JEFFERSON, GA 30549",GORDON STREET CENTER,12/14/2020 - 12/18/2020 08:00 AM - 05:00 PM 12/19/2020 - 12/19/2020 09:00 AM - 04:00 PM 12/21/2020 - 12/23/2020 08:00 AM - 05:00 PM 12/28/2020 - 12/31/2020 08:00 AM - 05:00 PM,171,-85.1489500262136,33.7304700138329
13079,Georgia,Jasper County,"126 WEST GREENE STREET SUITE 6 MONTICELLO, GA 31064",JASPER COUNTY COURTHOUSE,12/14/2020 - 12/18/2020 08:30 AM - 04:30 PM 12/21/2020 - 12/23/2020 08:30 AM - 04:30 PM 12/28/2020 - 12/31/2020 08:30 AM - 04:30 PM,172,-83.6835599984876,33.3049899818465
13080,Georgia,Jeff Davis County,"14 JEFF DAVIS STREET HAZLEHURST, GA 31539",JEFF DAVIS COUNTY COURTHOUSE,12/14/2020 - 12/22/2020 09:00 AM - 05:00 PM 12/23/2020 - 12/23/2020 09:00 AM - 12:00 PM 12/27/2020 - 12/31/2020 09:00 AM - 05:00 PM,173,-82.600690025395,31.8624100054252
13081,Georgia,Jefferson County,"415 GREEN STREET LOUISVILLE, GA 30434",BOARD OF ELECTIONS,12/14/2020 - 12/18/2020 08:00 AM - 05:00 PM 12/21/2020 - 12/22/2020 08:00 AM - 05:00 PM 12/23/2020 - 12/23/2020 08:00 AM - 12:00 PM 12/28/2020 - 12/30/2020 08:00 AM - 05:00 PM 12/31/2020 - 12/31/2020 08:00 AM - 12:00 PM,174,-83.6195500021319,32.6266500178727
13082,Georgia,Jenkins County,"611 E WINTHROPE AVE MILLEN, GA 30442",COURTHOUSE,12/14/2020 - 12/18/2020 08:00 AM - 05:00 PM 12/21/2020 - 12/23/2020 08:00 AM - 05:00 PM 12/28/2020 - 12/31/2020 08:00 AM - 05:00 PM,175,-81.9393869330487,32.8037651986672
13083,Georgia,Johnson County,"2484 W ELM ST WRIGHTSVILLE, GA 31096",ADVANCE VOTING,12/14/2020 - 12/18/2020 08:00 AM - 04:30 PM 12/21/2020 - 12/22/2020 08:00 AM - 04:30 PM 12/23/2020 - 12/23/2020 08:00 AM - 12:00 PM 12/28/2020 - 12/31/2020 08:00 AM - 04:30 PM,176,-82.7190700000615,32.7295000000966
13084,Georgia,Jones County,"166 INDUSTRIAL BLVD. GRAY, GA 31032",ELECTIONS OFFICE,12/14/2020 - 12/31/2020 08:30 AM - 05:00 PM 12/23/2020 - 12/23/2020 08:30 AM - 10:30 AM 12/24/2020 - 12/25/2020 00:00 AM - 00:00 PM,177,-83.5348800397306,33.0216800205339
13085,Georgia,Lamar County,"408 THOMASTON ST BARNESVILLE, GA 30204",LAMAR COUNTY BOARD OF ELECTIONS AND REGISTRATION OFFICE,12/14/2020 - 12/18/2020 08:00 AM - 05:00 PM 12/21/2020 - 12/22/2020 08:00 AM - 05:00 PM 12/23/2020 - 12/23/2020 08:00 AM - 12:00 PM 12/28/2020 - 12/30/2020 08:00 AM - 05:00 PM 12/31/2020 - 12/31/2020 08:00 AM - 12:00 PM,178,-84.1567299997574,33.051850010555
13086,Georgia,Lanier County,"162 W THIGPEN AVE LAKELAND, GA 31635",LANIER COUNTY BOARD OF ELECTIONS,12/14/2020 - 12/18/2020 08:00 AM - 05:00 PM 12/21/2020 - 12/23/2020 08:00 AM - 05:00 PM 12/28/2020 - 12/31/2020 08:00 AM - 05:00 PM,179,-83.0901299708326,31.0424799989704
13087,Georgia,Laurens County,,,,180,-83.44453440099,32.6483245537677
13088,Georgia,Lee County,"100 STARKSVILLE AVE., N LEESBURG, GA 31763",ELECTIONS OFFICE,12/14/2020 - 12/18/2020 08:15 AM - 05:00 PM 12/21/2020 - 12/22/2020 08:15 AM - 05:00 PM 12/23/2020 - 12/23/2020 08:15 AM - 04:00 PM 12/28/2020 - 12/30/2020 08:15 AM - 05:00 PM 12/31/2020 - 12/31/2020 08:15 AM - 04:00 PM,181,-84.1679032147185,31.7316179261505
13088,Georgia,Lee County,"1286 GRAVES SPRINGS ROAD LEESBURG, GA 31763",REDBONE FIRE STATION #5,12/15/2020 - 12/15/2020 02:00 PM - 07:00 PM,182,-84.0963300055417,31.6526700193813
13088,Georgia,Lee County,"445 OAKLAND PARKWAY WEST LEESBURG, GA 31763",THE BINDERY @ OAKLAND LIBRARY,12/16/2020 - 12/16/2020 02:00 PM - 07:00 PM,183,-84.2595338207095,31.6478115811308
13089,Georgia,Liberty County,"9397 E. OGLETHORPE HWY. MIDWAY, GA 31320",LIBERTY COUNTY COMPLEX,12/14/2020 - 12/18/2020 08:00 AM - 05:00 PM 12/21/2020 - 12/23/2020 08:00 AM - 05:00 PM 12/28/2020 - 12/31/2020 08:00 AM - 05:00 PM,184,-81.4543404626128,31.7982153974038
13089,Georgia,Liberty County,"100 N. MAIN ST .SUITE 1600 HINESVILLE, GA 31313",MAIN OFFICE,12/14/2020 - 12/18/2020 08:00 AM - 05:00 PM 12/21/2020 - 12/23/2020 08:00 AM - 05:00 PM 12/28/2020 - 12/31/2020 08:00 AM - 05:00 PM,185,-84.9342800144331,34.3678800131657
13090,Georgia,Lincoln County,"160 MAY AVE LINCOLNTON, GA 30817",BOARD OF ELECTIONS,12/14/2020 - 12/18/2020 08:00 AM - 05:00 PM 12/21/2020 - 12/22/2020 08:00 AM - 05:30 PM 12/23/2020 - 12/23/2020 08:00 AM - 02:00 PM 12/28/2020 - 12/28/2020 08:00 AM - 06:00 PM 12/29/2020 - 12/29/2020 08:00 AM - 05:00 PM 12/30/2020 - 12/30/2020 08:00 AM - 06:00 PM 12/31/2020 - 12/31/2020 08:00 AM - 03:00 PM,186,-82.4762299995606,33.7886399996934
13091,Georgia,Long County,"75 WEST ACADEMY STREET LUDOWICI, GA 31316",MARY ANN ODUM ANNEX,12/14/2020 - 12/18/2020 08:00 AM - 05:00 PM 12/21/2020 - 12/22/2020 08:00 AM - 05:00 PM 12/23/2020 - 12/23/2020 08:00 AM - 12:00 PM 12/28/2020 - 12/30/2020 08:00 AM - 05:00 PM 12/31/2020 - 12/31/2020 08:00 AM - 12:00 PM,187,-82.4064824248576,32.8676471312185
13092,Georgia,Lowndes County,"2808 N OAK ST VALDOSTA, GA 31602",LOWNDES COUNTY ELECTIONS,12/14/2020 - 12/18/2020 08:00 AM - 05:00 PM 12/19/2020 - 12/19/2020 09:00 AM - 04:00 PM 12/21/2020 - 12/23/2020 08:00 AM - 05:00 PM 12/28/2020 - 12/31/2020 07:00 AM - 07:00 PM,188,-83.2927700237043,30.8701300066722
13093,Georgia,Lumpkin County,"56 SHORT STREET DAHLONEGA, GA 30533",ELECTIONS AND VOTER REGISTRATION OFFICE,12/14/2020 - 12/18/2020 08:00 AM - 05:00 PM 12/21/2020 - 12/23/2020 08:00 AM - 05:00 PM 12/28/2020 - 12/31/2020 08:00 AM - 05:00 PM,189,-84.6219500176622,31.7584200071712
13094,Georgia,Macon County,"100 MACON ST OGLETHORPE, GA 31068",MACON COUNTY ANNEX,12/14/2020 - 12/23/2020 08:00 AM - 05:00 PM 12/19/2020 - 12/19/2020 09:00 AM - 04:00 PM 12/28/2020 - 12/31/2020 09:00 AM - 05:00 PM,190,-84.0614000002723,32.2944799996735
13095,Georgia,Madison County,"94 SPRING LAKE DR DANIELSVILLE, GA 30633",MADISON COUNTY BOARD OF ELECTIONS AND REGISTRATION,12/14/2020 - 12/18/2020 08:00 AM - 05:00 PM 12/21/2020 - 12/23/2020 08:00 AM - 05:00 PM 12/28/2020 - 12/31/2020 08:00 AM - 05:00 PM,191,-85.0364376772014,32.6520449401907
13096,Georgia,Marion County,"100 E BURKHALTER AV BUENA VISTA, GA 31803",ADVANCE VOTING,12/14/2020 - 12/18/2020 08:00 AM - 05:00 PM 12/21/2020 - 12/23/2020 08:00 AM - 05:00 PM 12/28/2020 - 12/31/2020 08:00 AM - 05:00 PM,192,-84.5194179496598,32.3231347622238
13097,Georgia,McDuffie County,"4614 AUGUSTA HWY DEARING, GA 30808",DEARING COMMUNITY CENTER,12/28/2020 - 12/30/2020 08:00 AM - 05:30 PM 12/31/2020 - 12/31/2020 08:00 AM - 02:00 PM,193,-82.3844299659171,33.4129400098273
13097,Georgia,McDuffie County,"525 MAIN ST THOMSON, GA 30824",PRECINCT ON MAIN (OLD THS GYM),12/14/2020 - 12/18/2020 08:00 AM - 04:00 PM 12/21/2020 - 12/23/2020 08:00 AM - 04:00 PM 12/28/2020 - 12/30/2020 08:00 AM - 05:30 PM 12/31/2020 - 12/31/2020 08:00 AM - 02:00 PM,194,-84.9218899685375,33.7351899891912
13098,Georgia,McIntosh County,,,,195,-83.44453440099,32.6483245537677
13099,Georgia,Meriwether County,"137 S. COURT SQUARE GREENVILLE, GA 30222",ELECTION HQ,12/14/2020 - 12/18/2020 08:30 AM - 05:00 PM 12/21/2020 - 12/23/2020 08:30 AM - 05:00 PM 12/28/2020 - 12/31/2020 08:30 AM - 05:00 PM,196,-84.7129126444928,33.0282779810001
13100,Georgia,Miller County,"155 S 1ST ST COLQUITT, GA 39837",MILLER COUNTY COURTHOUSE,12/14/2020 - 12/18/2020 09:00 AM - 05:00 PM 12/21/2020 - 12/22/2020 09:00 AM - 05:00 PM 12/28/2020 - 12/31/2020 09:00 AM - 05:00 PM,197,-85.3214248216262,34.5302690719875
13101,Georgia,Mitchell County,"11 W BROAD ST CAMILLA, GA 31730",ADVANCE VOTING,12/14/2020 - 01/01/2021 09:00 AM - 05:00 PM,198,-84.2091299708535,31.231829999275
13102,Georgia,Monroe County,"38 W. MAIN ST. FORSYTH, GA 31029",REGISTRAR'S OFFICE (EARLY VOTING),12/14/2020 - 12/18/2020 08:30 AM - 05:00 PM 12/21/2020 - 12/23/2020 08:30 AM - 05:00 PM 12/28/2020 - 12/31/2020 08:30 AM - 05:00 PM,199,-83.9397200123073,33.0338899804048
13103,Georgia,Montgomery County,"400 S RAILROAD AVE MOUNT VERNON, GA 30445",MONTGOMERY COUNTY COURTHOUSE,12/14/2020 - 12/18/2020 08:30 AM - 05:00 PM 12/21/2020 - 12/23/2020 08:30 AM - 05:00 PM 12/28/2020 - 12/31/2020 08:30 AM - 05:00 PM,200,-82.5946500256141,32.1742100142584
13104,Georgia,Morgan County,"434 HANCOCK STREET MADISON, GA 30650",ABSA,12/14/2020 - 12/18/2020 08:00 AM - 05:00 PM 12/21/2020 - 12/23/2020 08:00 AM - 05:00 PM 12/28/2020 - 12/31/2020 08:00 AM - 05:00 PM,201,-83.4647499974139,33.5971000203146
13105,Georgia,Murray County,"651 HYDEN TYLER RD CHATSWORTH, GA 30705",MURRAY COUNTY RECREATION CENTER,12/14/2020 - 12/18/2020 08:30 AM - 04:30 PM 12/21/2020 - 12/23/2020 08:30 AM - 04:30 PM 12/28/2020 - 12/31/2020 08:30 AM - 04:30 PM,202,-84.7614999885549,34.7937899945347
13105,Georgia,Murray County,"3111 CITIZENS WAY COLUMBUS, GA 31906",CITIZENS SERVICE CENTER,12/14/2020 - 12/23/2020 07:00 AM - 07:00 PM 12/28/2020 - 12/30/2020 07:00 AM - 07:00 PM 12/31/2020 - 12/31/2020 07:00 AM - 05:00 PM,203,-84.944745558173,32.4764555037553
13105,Georgia,Murray County,"801 FRONT AVENUE COLUMBUS, GA 31901",COLUMBUS CONVENTION & TRADE CENTER,12/14/2020 - 12/23/2020 07:00 AM - 07:00 PM 12/28/2020 - 12/30/2020 07:00 AM - 07:00 PM 12/31/2020 - 12/31/2020 07:00 AM - 05:00 PM,204,-84.9948356516531,32.4610188642765
13105,Georgia,Murray County,"6550 PSALMOND ROAD MIDLAND, GA 31820",EARLY VOTING PSALMOND,12/14/2020 - 12/23/2020 07:00 AM - 07:00 PM 12/28/2020 - 12/30/2020 07:00 AM - 07:00 PM 12/31/2020 - 12/31/2020 07:00 AM - 05:00 PM,205,-84.8561628029903,32.5401488754265
13106,Georgia,Muscogee County,"5025 STEAM MILL ROAD COLUMBUS, GA 31907",SHIRLEY B WINSTON RECREATION CENTER,12/14/2020 - 12/23/2020 07:00 AM - 07:00 PM 12/28/2020 - 12/30/2020 07:00 AM - 07:00 PM 12/31/2020 - 12/31/2020 07:00 AM - 05:00 PM,206,-84.9078170044156,32.4572950051565
13106,Georgia,Newton County,"1113 USHER ST COVINGTON, GA 30014",NEWTON COUNTY ADMIN BUILDING,12/14/2020 - 12/18/2020 08:00 AM - 05:00 PM 12/21/2020 - 12/23/2020 08:00 AM - 05:00 PM 12/24/2020 - 12/24/2020 08:00 AM - 12:00 PM 12/28/2020 - 12/30/2020 08:00 AM - 06:00 PM 12/31/2020 - 12/31/2020 08:00 AM - 12:00 PM,207,-83.8589400075128,33.598029992576
13106,Georgia,Newton County,"7116 FLOYD ST COVINGTON, GA 30014",NEWTON COUNTY LIBRARY,12/14/2020 - 12/18/2020 08:00 AM - 05:00 PM 12/21/2020 - 12/23/2020 08:00 AM - 05:00 PM 12/24/2020 - 12/24/2020 08:00 AM - 12:00 PM 12/28/2020 - 12/30/2020 08:00 AM - 06:00 PM 12/31/2020 - 12/31/2020 08:00 AM - 12:00 PM,208,-83.8390999580815,33.5994299797311
13106,Georgia,Newton County,"11524 HWY 278, E COVINGTON, GA 30014",ST AUGUSTINE CATHOLIC CHURCH,12/14/2020 - 12/18/2020 08:00 AM - 05:00 PM 12/21/2020 - 12/23/2020 08:00 AM - 05:00 PM 12/24/2020 - 12/24/2020 08:00 AM - 12:00 PM 12/28/2020 - 12/30/2020 08:00 AM - 06:00 PM 12/31/2020 - 12/31/2020 08:00 AM - 12:00 PM,209,-83.7887274243946,33.5931931724747
13107,Georgia,Newton County,"7037 HIGHWAY 212, N COVINGTON, GA 30016",ZION BAPTIST CHURCH,12/14/2020 - 12/18/2020 08:00 AM - 05:00 PM 12/21/2020 - 12/23/2020 08:00 AM - 05:00 PM 12/24/2020 - 12/24/2020 08:00 AM - 12:00 PM 12/28/2020 - 12/30/2020 08:00 AM - 06:00 PM 12/31/2020 - 12/31/2020 08:00 AM - 12:00 PM,210,-84.0158000324335,33.5443299886392
13108,Georgia,Oconee County,"2661 HOG MOUNTAIN RD WATKINSVILLE, GA 30677",OCONEE COUNTY CIVIC CENTER,12/14/2020 - 12/18/2020 08:00 AM - 05:00 PM 12/21/2020 - 12/23/2020 08:00 AM - 05:00 PM 12/28/2020 - 12/31/2020 08:00 AM - 05:00 PM,211,-83.4550999954929,33.862679993402
13109,Georgia,Oglethorpe County,"41 FAIRGROUND ROAD LEXINGTON, GA 30648",BOARD OF ELECTIONS,12/14/2020 - 12/18/2020 08:00 AM - 05:00 PM 12/21/2020 - 12/23/2020 08:00 AM - 05:00 PM 12/28/2020 - 12/31/2020 08:00 AM - 05:00 PM,212,-83.3520628263659,34.5397008254704
13110,Georgia,Paulding County,"240 CONSTITUTION BLVD DALLAS, GA 30132",WATSON GOV'T COMPLEX,12/14/2020 - 12/18/2020 08:00 AM - 05:00 PM 12/21/2020 - 12/23/2020 08:00 AM - 05:00 PM 12/28/2020 - 12/31/2020 08:00 AM - 05:00 PM,213,-84.8475900131473,33.9172900204648
13111,Georgia,Peach County,"401 MAIN ST BYRON, GA 31008",BYRON MUNICIPAL COMPLEX,12/14/2020 - 12/31/2020 09:00 AM - 05:00 PM,214,-82.6604600355934,33.4067200096836
13111,Georgia,Peach County,"205 W CHURCH ST FORT VALLEY, GA 31030",PEACH COUNTY BOARD OF ELECTIONS & REGISTRATION OFFICE,12/14/2020 - 12/31/2020 09:00 AM - 05:00 PM,215,-82.8132400023253,32.9811600142092
13112,Georgia,Pickens County,"1329 CAMP RD JASPER, GA 30143",PICKENS COUNTY REC CENTER,12/14/2020 - 12/18/2020 08:00 AM - 05:00 PM 12/21/2020 - 12/22/2020 08:00 AM - 05:00 PM 12/28/2020 - 12/30/2020 08:00 AM - 05:00 PM,216,-84.4237399679865,34.4448599988124
13113,Georgia,Pierce County,"312 NICHOLS ST BLACKSHEAR, GA 31516",COURTHOUSE ANNEX,12/14/2020 - 12/30/2020 08:30 AM - 05:00 PM 12/31/2020 - 12/31/2020 08:30 AM - 12:00 PM,217,-82.2336299732081,31.3034300182966
13114,Georgia,Pike County,"81 JACKSON ST ZEBULON, GA 30295",ADVANCE/EARLY VOTING/REGISTRAR OFFICE,12/14/2020 - 12/18/2020 09:00 AM - 04:00 PM 12/21/2020 - 12/23/2020 09:00 AM - 04:00 PM 12/28/2020 - 12/31/2020 09:00 AM - 04:00 PM,218,-84.0095085304243,34.1206041739279
13115,Georgia,Polk County,"144 WEST AVE CEDARTOWN, GA 30125",CEDARTOWN ELECTIONS OFFICE,12/14/2020 - 12/18/2020 09:00 AM - 05:00 PM 12/21/2020 - 12/23/2020 09:00 AM - 05:00 PM 12/28/2020 - 12/31/2020 09:00 AM - 05:00 PM,219,-85.2946728900572,33.7546998738327
13115,Georgia,Polk County,"604 GOODYEAR AVE ROCKMART, GA 30153",ROCKMART COMMUNITY CENTER,12/28/2020 - 12/31/2020 09:00 AM - 05:00 PM,220,-85.0424700161495,34.0031699945847
13116,Georgia,Pulaski County,"45 NORTH LUMPKIN ST HAWKINSVILLE, GA 31036",COMMUNITY SERVICE BLDG.,12/14/2020 - 12/31/2020 08:00 AM - 05:00 PM 12/23/2020 - 12/23/2020 08:00 AM - 12:00 PM,221,-83.4689899826729,32.2823200104845
13117,Georgia,Putnam County,"117 PUTNAM DR EATONTON, GA 31024",PUTNAM COUNTY ADMINISTRATION BUILDING,12/14/2020 - 12/23/2020 08:00 AM - 05:00 PM 12/28/2020 - 12/31/2020 08:00 AM - 05:00 PM,222,-84.390540912065,33.8587990185193
13118,Georgia,Quitman County,,,,223,-83.44453440099,32.6483245537677
13119,Georgia,Rabun County,"18 OLD RACO HIGH DR. CLAYTON, GA 30525 - 7040",RABUN COUNTY BOARD OF ELECTION,12/14/2020 - 12/18/2020 08:30 AM - 05:00 PM 12/19/2020 - 12/19/2020 09:00 AM - 04:00 PM 12/21/2020 - 12/23/2020 08:30 AM - 05:00 PM 12/28/2020 - 12/31/2020 08:30 AM - 05:00 PM,224,-83.396820000195,34.8789999998543
13120,Georgia,Randolph County,"93 FRONT ST CUTHBERT, GA 39840",COURTHOUSE-GOVT CENTER,12/14/2020 - 12/18/2020 08:00 AM - 05:00 PM 12/19/2020 - 12/19/2020 09:00 AM - 04:00 PM 12/21/2020 - 12/23/2020 08:00 AM - 05:00 PM 12/28/2020 - 12/31/2020 08:00 AM - 05:00 PM,225,-81.0233470421605,31.9555426065063
13121,Georgia,Richmond County,"712 TELFAIR STREET AUGUSTA, GA 30901",BELL AUDITORIUM,12/14/2020 - 12/18/2020 08:30 AM - 05:00 PM 12/19/2020 - 12/19/2020 09:00 AM - 04:00 PM 12/21/2020 - 12/23/2020 08:30 AM - 05:00 PM 12/28/2020 - 12/31/2020 08:30 AM - 06:00 PM,226,-81.9661009970353,33.4712040018513
13121,Georgia,Richmond County,"2463 GOLDEN CAMP ROAD AUGUSTA, GA 30906",HENRY H BRIGHAM COMM.CENTER,12/28/2020 - 12/31/2020 08:30 AM - 06:00 PM,227,-82.0514130132179,33.4309339863137
13121,Georgia,Richmond County,"103 DIAMOND LAKES WAY HEPHZIBAH, GA 30815",ROBERT HOWARD CC/DIAMOND LAKES,12/28/2020 - 12/31/2020 08:30 AM - 06:00 PM,228,-82.0865330202548,33.3562720163575
13121,Georgia,Richmond County,"300 WARREN ROAD AUGUSTA, GA 30907",WARREN RD RECREATION CENTER,12/28/2020 - 12/31/2020 08:30 AM - 06:00 PM,229,-82.0577720281124,33.5062080029735
13122,Georgia,Rockdale County,"1400 PARKER ROAD, LOBBY C CONYERS, GA 30094",BOARD OF ELECTIONS ANNEX,12/14/2020 - 12/18/2020 08:00 AM - 04:30 PM 12/21/2020 - 12/23/2020 08:00 AM - 04:30 PM 12/28/2020 - 12/29/2020 08:00 AM - 04:30 PM 12/30/2020 - 12/31/2020 08:00 AM - 07:00 PM,230,-83.0526012688036,33.0969555716857
13123,Georgia,Schley County,"47 N. PECAN ST. ELLAVILLE, GA 31806",SCHLEY COUNTY COURT HOUSE ANNEX,12/14/2020 - 12/18/2020 08:00 AM - 05:00 PM 12/21/2020 - 12/23/2020 08:00 AM - 05:00 PM 12/28/2020 - 12/31/2020 08:00 AM - 05:00 PM,231,-84.3106083159258,32.2387916995715
13124,Georgia,Screven County,"216 MIMS RD - RM 114 SYLVANIA, GA 30467",REGISTRAR'S OFFICE,12/14/2020 - 12/18/2020 09:00 AM - 05:00 PM 12/21/2020 - 12/22/2020 09:00 AM - 05:00 PM 12/23/2020 - 12/23/2020 09:00 AM - 12:00 PM 12/28/2020 - 12/30/2020 09:00 AM - 05:00 PM 12/31/2020 - 12/31/2020 09:00 AM - 12:00 PM,232,-81.6450499659416,32.7511799951685
13125,Georgia,Seminole County,,,,233,-83.44453440099,32.6483245537677
13126,Georgia,Spalding County,"841 MEMORIAL DR GRIFFIN, GA 30223",GRIFFIN-SPALDING ATHLETIC HALL OF FAME,12/14/2020 - 12/18/2020 08:00 AM - 05:00 PM 12/19/2020 - 12/19/2020 09:00 AM - 04:00 PM 12/21/2020 - 12/23/2020 08:00 AM - 05:00 PM 12/28/2020 - 12/31/2020 08:00 AM - 05:00 PM,234,-82.3473123563183,31.2107921368472
13126,Georgia,Spalding County,"885 MEMORIAL DR GRIFFIN, GA 30223",SPALDING COUNTY SENIOR CENTER,12/14/2020 - 12/17/2020 08:00 AM - 05:00 PM 12/22/2020 - 12/23/2020 08:00 AM - 05:00 PM 12/28/2020 - 12/31/2020 08:00 AM - 05:00 PM,235,-82.3463337756652,31.2105084504222
13127,Georgia,Stephens County,"12 WEST TUGALO STREET TOCCOA, GA 30577",STEPHENS COUNTY GOVERNMENT BUILDING,12/14/2020 - 12/31/2020 09:00 AM - 05:00 PM,236,-83.3303300023765,34.5802999864285
13128,Georgia,Stewart County,"1764 BROAD ST LUMPKIN, GA 31815",COURTHOUSE,12/14/2020 - 12/23/2020 08:00 AM - 05:00 PM 12/28/2020 - 12/31/2020 08:00 AM - 05:00 PM,237,-84.7945400256032,32.0505699853549
13129,Georgia,Sumter County,,,,238,-83.44453440099,32.6483245537677
13130,Georgia,Talbot County,"188 JACKSON AVENUE TALBOTTON, GA 31827",TALBOT COUNTY BOARD OF ELECTIONS,12/14/2020 - 12/18/2020 09:00 AM - 04:00 PM 12/21/2020 - 12/22/2020 09:00 AM - 04:00 PM 12/23/2020 - 12/23/2020 09:00 AM - 12:00 PM 12/28/2020 - 12/30/2020 09:00 AM - 04:00 PM 12/31/2020 - 12/31/2020 09:00 AM - 12:00 PM,239,-84.3316146983961,32.8873942943058
13131,Georgia,Taliaferro County,"113 MONUMENT ST CRAWFORDVILLE, GA 30631 - 0009",COURTHOUSE,12/14/2020 - 12/31/2020 09:00 AM - 05:00 PM,240,-82.8936399999916,33.5540499997934
13132,Georgia,Tattnall County,"114 BRAZELL ST REIDSVILLE, GA 30453",ELECTION OFFICE,,241,-84.9139509652803,33.1793699804233
13132,Georgia,Tattnall County,"509 NW WILLIAMS STREET COLLINS, GA 30421",OLD COLLINS GYM,,242,-82.1132700344002,32.1806300066038
13132,Georgia,Tattnall County,"209 BOLTON ST GLENNVILLE, GA 30427",	SOUTHEASTERN TECH SCHOOL,,243,-81.9256200087745,31.9334799947336
13133,Georgia,Taylor County,,,,244,-83.44453440099,32.6483245537677
13134,Georgia,Telfair County,"91 TELFAIR AVE BLDG 3 MCRAE, GA 31055",TELFAIR CO REGISTRAR OFFICE,12/14/2020 - 12/18/2020 08:00 AM - 05:00 PM 12/21/2020 - 12/23/2020 08:00 AM - 05:00 PM 12/28/2020 - 12/31/2020 08:00 AM - 05:00 PM,245,-82.8984676577196,32.0609566982767
13135,Georgia,Terrell County,"955 FORRESTER DR DAWSON, GA 39842",DAWSON GOVERNMENTAL BUILDING,12/14/2020 - 12/18/2020 08:30 AM - 05:00 PM 12/21/2020 - 12/23/2020 08:30 AM - 05:00 PM 12/28/2020 - 12/31/2020 08:30 AM - 05:00 PM,246,-84.4361323521968,31.7610258656459
13136,Georgia,Thomas County,"1402 E JACKSON STREET THOMASVILLE, GA 31792",ELECTIONS OFFICE,12/14/2020 - 12/18/2020 08:00 AM - 06:00 PM 12/19/2020 - 12/19/2020 09:00 AM - 04:00 PM 12/21/2020 - 12/23/2020 08:00 AM - 06:00 PM 12/28/2020 - 12/31/2020 08:00 AM - 06:00 PM,247,-83.9575410280689,30.8526679881142
13137,Georgia,Tift County,"222 CHESNUTT AVE BLDG B TIFTON, GA 31794",OLD GYM,12/14/2020 - 12/18/2020 08:00 AM - 05:00 PM 12/21/2020 - 12/23/2020 08:00 AM - 05:00 PM 12/28/2020 - 12/31/2020 08:00 AM - 05:00 PM,248,-83.5061021592609,31.4538661014415
13138,Georgia,Toombs County,"125 W LINCOLN AVE LYONS, GA 30436",TOOMBS COUNTY ADVANCE VOTING LOCATION,12/14/2020 - 12/31/2020 08:30 AM - 05:00 PM,249,-82.3231649147441,32.2087595617024
13139,Georgia,Towns County,"67 LAKEVIEW CIRCLE HIAWASSEE, GA 30546",BOARD OF ELECTIONS & REGISTRATION,12/14/2020 - 12/31/2020 08:30 AM - 04:30 PM,250,-83.756980022616,34.9461999834776
13140,Georgia,Treutlen County,"650 SECOND STREET SOPERTON, GA 30457",TREUTLEN COUNTY ANNEX,12/14/2020 - 12/18/2020 08:00 AM - 05:00 PM 12/21/2020 - 12/23/2020 08:00 AM - 05:00 PM 12/28/2020 - 12/31/2020 08:00 AM - 05:00 PM,251,-82.5927500160246,32.3767600034778
13140,Georgia,Treutlen County,"100 RIDLEY AVE LAGRANGE, GA 30240","100 RIDLEY AVE LAGRANGE, GA 30240",12/14/2020 - 12/18/2020 08:00 AM - 05:00 PM 12/21/2020 - 12/23/2020 08:00 AM - 05:00 PM 12/28/2020 - 12/31/2020 08:00 AM - 05:00 PM,252,-85.0308930156547,33.039918999587
13141,Georgia,Troup County,"600 E MAIN STREET HOGANSVILLE, GA 30230",HOGANSVILLE ANNEX,12/14/2020 - 12/18/2020 08:00 AM - 05:00 PM 12/21/2020 - 12/23/2020 08:00 AM - 05:00 PM 12/28/2020 - 12/31/2020 08:00 AM - 05:00 PM,253,-84.9098299996099,33.1721199999166
13142,Georgia,Turner County,"1807 US HIGHWAY 41 N SYCAMORE, GA 31790",AMERICAN LEGION BUILDING,12/14/2020 - 12/23/2020 08:00 AM - 05:00 PM 12/15/2020 - 12/15/2020 07:00 AM - 05:00 PM 12/17/2020 - 12/17/2020 08:00 AM - 06:00 PM 12/22/2020 - 12/22/2020 07:00 AM - 05:00 PM 12/28/2020 - 12/31/2020 08:00 AM - 05:00 PM 12/29/2020 - 12/29/2020 07:00 AM - 05:00 PM,254,-83.6413199840347,31.6831000156378
13143,Georgia,Twiggs County,"425 RAILROAD STREET NORT JEFFERSONVILLE, GA 31044",TWIGGSCOUNTY COURTHOUSE,12/14/2020 - 12/18/2020 09:00 AM - 05:00 PM 12/21/2020 - 12/23/2020 09:00 AM - 05:00 PM 12/28/2020 - 12/31/2020 09:00 AM - 05:00 PM,255,-84.0636900367986,32.2871899804186
13144,Georgia,Union County,"65 COURTHOUSE ST BLAIRSVILLE, GA 30512",ABSENTEE,12/14/2020 - 12/18/2020 08:00 AM - 04:30 PM 12/21/2020 - 12/23/2020 08:00 AM - 04:30 PM 12/28/2020 - 12/31/2020 08:00 AM - 04:30 PM,256,-83.4019090811454,34.8783745146421
13145,Georgia,Upson County,"101 CIVIC CENTER DRIVE THOMASTON, GA 30286",CIVIC CENTER,12/14/2020 - 12/18/2020 08:30 AM - 05:00 PM 12/21/2020 - 12/23/2020 08:30 AM - 05:00 PM 12/28/2020 - 12/30/2020 08:30 AM - 05:00 PM,257,-84.3145608573619,32.8857674451617
13146,Georgia,Walker County,"1817 LEE CLARKSON RD CHICKAMAUGA, GA 30707",CHICKAMAUGA CIVIC CENTER,12/29/2020 - 12/31/2020 08:30 AM - 05:00 PM,258,-85.2925724285986,34.8691335661637
13146,Georgia,Walker County,"265 BICENTENNIAL TRAIL ROCK SPRING, GA 30739",GEORGIA NORTHWESTERN TECHNICAL COLLEGE,12/29/2020 - 12/31/2020 08:30 AM - 05:00 PM,259,-85.2481839646846,34.8086949877462
13146,Georgia,Walker County,"1300 LULA LAKE ROAD LOOKOUT MOUNTAIN, GA 30750",LOOKOUT MOUNTAIN UNITED METHODIST CHURCH,12/29/2020 - 12/31/2020 08:30 AM - 05:00 PM,260,-85.3582413958918,34.9759118188682
13146,Georgia,Walker County,"400 MCFARLAND AVE ROSSVILLE, GA 30741",ROSSVILLE MUNICIPAL CIVIC CENTER,12/29/2020 - 12/31/2020 08:30 AM - 05:00 PM,261,-81.614434047959,31.8623979614087
13146,Georgia,Walker County,"103 S. DUKE STREET LAFAYETTE, GA 30728",WALKER COUNTY COURTHOUSE,12/14/2020 - 12/18/2020 08:30 AM - 05:00 PM 12/21/2020 - 12/23/2020 08:30 AM - 05:00 PM 12/28/2020 - 12/31/2020 08:30 AM - 05:00 PM,262,-85.2806711461676,34.7046549953932
13147,Georgia,Walton County,"101 GENERATION BLVD LOGANVILLE, GA 30052",MERIDIAN PARK,12/14/2020 - 12/18/2020 08:00 AM - 04:30 PM 12/19/2020 - 12/19/2020 09:00 AM - 04:00 PM 12/21/2020 - 12/22/2020 08:00 AM - 04:30 PM 12/23/2020 - 12/23/2020 08:00 AM - 12:00 PM 12/28/2020 - 12/31/2020 08:00 AM - 04:30 PM,263,-83.8768500391325,33.825220010777
13147,Georgia,Walton County,"201 W SPRING ST MONROE, GA 30655",NOWELL RECREATION CENTER,12/14/2020 - 12/18/2020 08:00 AM - 05:00 PM 12/19/2020 - 12/19/2020 09:00 AM - 04:00 PM 12/21/2020 - 12/22/2020 08:00 AM - 05:00 PM 12/23/2020 - 12/23/2020 08:00 AM - 12:00 PM 12/28/2020 - 12/31/2020 08:00 AM - 05:00 PM,264,-83.7162700403146,33.7937299970255
13148,Georgia,Ware County,"408 TEBEAU STREET WAYCROSS, GA 31501",BOARD OF ELECTIONS AND REGISTRATION,12/14/2020 - 12/18/2020 07:00 AM - 06:00 PM 12/21/2020 - 12/23/2020 07:00 AM - 06:00 PM 12/28/2020 - 12/30/2020 07:00 AM - 06:00 PM 12/31/2020 - 12/31/2020 07:00 AM - 05:00 PM,265,-82.3606700368952,31.2110699948897
13149,Georgia,Warren County,"48 WARREN STREET WARRENTON, GA 30828",COMMUNITY SERVICE BUILDING,12/14/2020 - 12/18/2020 08:00 AM - 05:00 PM 12/21/2020 - 12/23/2020 08:00 AM - 05:00 PM 12/28/2020 - 12/31/2020 08:00 AM - 05:00 PM,266,-82.6615900003382,33.4079200048696
13150,Georgia,Washington County,"117 JONES STREET SANDERSVILLE, GA 31082",WASHINGTON COUNTY BOARD OF ELECTIONS AND REGISTRATION,12/14/2020 - 12/18/2020 09:00 AM - 05:00 PM 12/21/2020 - 12/23/2020 09:00 AM - 05:00 PM 12/28/2020 - 12/31/2020 09:00 AM - 05:00 PM,267,-83.9435399803737,33.031120013073
13151,Georgia,Wayne County,"174 N BRUNSWICK ST JESUP, GA 31546",WAYNE COUNTY COURT HOUSE,12/14/2020 - 12/22/2020 08:00 AM - 05:00 PM 12/23/2020 - 12/23/2020 08:00 AM - 12:00 PM 12/28/2020 - 12/31/2020 08:00 AM - 05:00 PM,268,-81.8799300036931,31.6040900167329
13152,Georgia,Webster County,"40 CEMETERY ROAD PRESTON, GA 31824",WEBSTER COUNTY COMMISSIONER OFFICE,12/14/2020 - 12/31/2020 08:30 AM - 04:00 PM,269,-85.1576559733312,34.9715109844914
13153,Georgia,Wheeler County,"16 W FOREST AVE ALAMO, GA 30411",COMMUNITY CENTER,12/14/2020 - 12/31/2020 08:00 AM - 04:00 PM,270,-82.7465080441833,31.0348743493902
13154,Georgia,White County,"1241 HELEN HWY CLEVELAND, GA 30528",MAUNEY BUILDING,12/14/2020 - 12/18/2020 08:00 AM - 05:00 PM 12/21/2020 - 12/23/2020 08:00 AM - 05:00 PM 12/28/2020 - 12/31/2020 08:00 AM - 05:00 PM,271,-83.7543039898936,34.6163696213607
13155,Georgia,Whitfield County,"205 NORTH SELVIDGE ST. DALTON, GA 30720",WHITFIELD COUNTY COURTHOUSE,12/14/2020 - 12/18/2020 08:00 AM - 05:00 PM 12/21/2020 - 12/23/2020 08:00 AM - 05:00 PM 12/28/2020 - 12/31/2020 08:00 AM - 05:00 PM,272,-84.9711700268714,34.7726399797361
13156,Georgia,Wilcox County,"377 COLLEGE ST ABBEVILLE, GA 31001",WILCOX BOARD OF ELECTIONS & REGISTRATION,12/14/2020 - 12/18/2020 08:00 AM - 04:00 PM 12/21/2020 - 12/23/2020 08:00 AM - 04:00 PM 12/28/2020 - 12/31/2020 08:00 AM - 04:00 PM,273,-82.3488396432183,31.2149301361091
13157,Georgia,Wilkes County,"23 COURT STREET ROOM 113 WASHINGTON, GA 30673",BOARD OF REGISTRARS,12/14/2020 - 12/18/2020 08:00 AM - 05:00 PM 12/21/2020 - 12/23/2020 08:00 AM - 05:00 PM 12/28/2020 - 12/31/2020 08:00 AM - 05:00 PM,274,-82.739069965783,33.7382700035968
13158,Georgia,Wilkinson County,"100 BACON STREET IRWINTON, GA 31042",ELECTIONS OFFICE,12/14/2020 - 12/18/2020 08:00 AM - 05:00 PM 12/21/2020 - 12/23/2020 08:00 AM - 05:00 PM 12/28/2020 - 12/31/2020 08:00 AM - 05:00 PM,275,-83.1739999646088,32.8106599921847
13159,Georgia,Worth County,"201 N. MAIN ST. ROOM 10. SYLVESTER, GA 31791",WORTH COUNTY VOTER REGISTRATION OFFICE,12/14/2020 - 12/31/2020 08:00 AM - 05:00 PM,276,-83.8360399773219,31.5279900054371
