618600.0,551446.0,14
582015.0,546191.0,2
604737.0,574591.0,14
627968.0,574625.0,14
603145.0,574795.0,14
671919.0,571761.0,14
627912.0,593892.0,14
591851.0,569051.0,2
601444.0,572693.0,14
661430.0,603567.0,14
562704.0,570596.0,2
605107.0,563429.0,14
568824.0,570203.0,2
560237.0,500154.0,2
638559.0,558807.0,14
631297.0,578351.0,14
605284.0,556134.0,14
603849.0,572396.0,14
598634.0,619900.0,2
604157.0,574191.0,14
620438.0,511694.0,14
600202.0,622079.0,2
515612.0,540643.0,2
593490.0,623110.0,2
607084.0,595500.0,14
583728.0,563146.0,2
616044.0,533807.0,14
624452.0,584622.0,14
604438.0,574666.0,14
625709.0,660145.0,14
601376.0,579831.0,2
612799.0,537497.0,14
575440.0,568511.0,2
605927.0,572533.0,14
647354.0,579190.0,14
680357.0,620811.0,14
604294.0,574368.0,14
611508.0,503220.0,14
603789.0,574474.0,14
551740.0,588768.0,2
569197.0,559307.0,2
606809.0,572101.0,14
588597.0,622592.0,2
613840.0,534167.0,14
601339.0,571609.0,14
593398.0,559764.0,2
593166.0,622725.0,2
712648.0,607541.0,14
660327.0,585901.0,14
604001.0,573587.0,14
538571.0,654649.0,2
586097.0,567445.0,2
599123.0,616977.0,2
617717.0,613939.0,14
618869.0,577243.0,14
636628.0,533309.0,14
604352.0,573425.0,14
596891.0,579476.0,2
604415.0,571400.0,14
593317.0,534085.0,14
657985.0,453405.0,17
601900.0,569391.0,14
639431.0,588155.0,14
568570.0,579335.0,2
667639.0,571164.0,14
596796.0,529933.0,14
606111.0,617846.0,2
571334.0,594145.0,2
605100.0,573307.0,14
585195.0,555011.0,2
651740.0,589474.0,14
589112.0,536573.0,2
582057.0,543124.0,2
577242.0,574073.0,2
631182.0,565466.0,14
695646.0,652231.0,14
567428.0,580005.0,2
634967.0,579020.0,14
614615.0,574437.0,14
594084.0,629464.0,2
601530.0,577183.0,14
603055.0,589818.0,2
616561.0,619007.0,14
611581.0,572630.0,14
579712.0,568354.0,2
602887.0,595245.0,2
605913.0,579526.0,14
610263.0,574422.0,14
624369.0,532153.0,14
599870.0,591110.0,2
658403.0,611332.0,14
610980.0,522819.0,14
569422.0,567790.0,2
540783.0,626497.0,2
637323.0,549567.0,14
638078.0,629421.0,14
647103.0,573853.0,14
533799.0,564377.0,2
649034.0,528813.0,14
622407.0,583192.0,14
597026.0,642918.0,2
546632.0,599204.0,2
672565.0,564468.0,14
636500.0,587401.0,14
696144.0,548705.0,14
533551.0,582247.0,2
526802.0,551524.0,2
696601.0,603624.0,14
663578.0,586265.0,14
628080.0,562986.0,14
597421.0,554767.0,14
595193.0,576508.0,2
658103.0,572250.0,14
606415.0,581386.0,14
641976.0,577433.0,14
589180.0,595099.0,2
580561.0,528916.0,2
621726.0,578003.0,14
541976.0,512639.0,2
593840.0,578685.0,2
602667.0,575857.0,14
631446.0,561156.0,14
593865.0,572987.0,2
668502.0,563937.0,14
814045.0,332998.0,3
779956.0,271501.0,3
797205.0,313318.0,3
783666.0,262902.0,3
806131.0,312752.0,3
830658.0,368694.0,3
801910.0,325434.0,3
808062.0,337340.0,3
789833.0,304422.0,3
800865.0,312968.0,3
802237.0,318526.0,3
780927.0,285057.0,3
809182.0,319115.0,3
820327.0,352701.0,3
801093.0,317509.0,3
805237.0,318655.0,3
801441.0,323812.0,3
797313.0,317527.0,3
790395.0,300024.0,3
797787.0,301470.0,3
804630.0,332333.0,3
802111.0,320817.0,3
819768.0,346596.0,3
800565.0,319364.0,3
814401.0,341234.0,3
776131.0,248465.0,3
809550.0,327365.0,3
795322.0,311178.0,3
830450.0,393096.0,3
802814.0,320130.0,3
823913.0,369439.0,3
803386.0,318982.0,3
798904.0,324420.0,3
807446.0,342555.0,3
804251.0,329956.0,3
803448.0,314797.0,3
826228.0,376658.0,3
808686.0,332209.0,3
798472.0,322218.0,3
795489.0,287279.0,3
802853.0,314938.0,3
801588.0,319814.0,3
807293.0,347456.0,3
817119.0,336333.0,3
797272.0,324228.0,3
795836.0,291870.0,3
798321.0,319665.0,3
800667.0,315995.0,3
795205.0,316433.0,3
782642.0,275308.0,3
787644.0,297715.0,3
800677.0,310656.0,3
800394.0,301473.0,3
795571.0,310093.0,3
814158.0,335578.0,3
811913.0,325091.0,3
775604.0,274485.0,3
826789.0,377676.0,3
814108.0,344096.0,3
807017.0,330432.0,3
817410.0,346944.0,3
803277.0,319525.0,3
833182.0,379714.0,3
798059.0,316113.0,3
769876.0,257669.0,3
791983.0,298565.0,3
801386.0,313545.0,3
810903.0,332925.0,3
838276.0,395673.0,3
777978.0,252419.0,3
820258.0,351165.0,3
810253.0,323873.0,3
802041.0,319504.0,3
804190.0,320706.0,3
840462.0,402858.0,3
804119.0,328544.0,3
803057.0,331037.0,3
803031.0,325811.0,3
800444.0,311497.0,3
803470.0,319069.0,3
811277.0,335577.0,3
813436.0,360446.0,3
838129.0,404012.0,3
764997.0,249477.0,3
800316.0,311699.0,3
802655.0,316263.0,3
801456.0,320080.0,3
840886.0,397888.0,3
829529.0,375007.0,3
833661.0,389733.0,3
794956.0,309980.0,3
809552.0,342258.0,3
811502.0,355939.0,3
803370.0,318247.0,3
804702.0,315881.0,3
813791.0,334609.0,3
812965.0,330224.0,3
826048.0,374236.0,3
798633.0,317300.0,3
802537.0,312497.0,3
805977.0,320805.0,3
824212.0,363776.0,3
798981.0,311092.0,3
797178.0,310439.0,3
796283.0,315582.0,3
801782.0,318281.0,3
803377.0,319212.0,3
803932.0,318781.0,3
793684.0,312065.0,3
821151.0,366545.0,3
801903.0,312794.0,3
782506.0,279930.0,3
794667.0,315069.0,3
798243.0,324160.0,3
818119.0,348676.0,3
810502.0,336169.0,3
793560.0,285392.0,3
801326.0,315779.0,3
808644.0,326320.0,3
813645.0,328765.0,3
811061.0,333595.0,3
783110.0,289805.0,3
800235.0,316652.0,3
805035.0,317469.0,3
801166.0,322298.0,3
810657.0,329468.0,3
801313.0,300606.0,3
800390.0,309948.0,3
801634.0,318965.0,3
799197.0,314215.0,3
801174.0,320442.0,3
788005.0,292268.0,3
801183.0,316191.0,3
434440.0,822866.0,5
369199.0,734895.0,5
369418.0,733394.0,5
378563.0,789670.0,5
414377.0,771258.0,5
352874.0,807952.0,5
429586.0,775621.0,5
457561.0,788245.0,5
415417.0,785827.0,5
452570.0,848127.0,5
405986.0,787439.0,5
437568.0,794323.0,5
469422.0,822619.0,5
397688.0,762902.0,5
418149.0,790096.0,5
407289.0,798870.0,5
446537.0,828924.0,5
442260.0,754050.0,5
407814.0,765816.0,5
377720.0,727349.0,5
408745.0,824896.0,5
395274.0,786698.0,5
412109.0,735920.0,5
376660.0,815936.0,5
508535.0,830710.0,5
418410.0,795929.0,5
408712.0,803987.0,5
417169.0,792321.0,5
370839.0,727884.0,5
402309.0,786873.0,5
416926.0,785113.0,5
416019.0,787562.0,5
447833.0,819282.0,5
399634.0,751940.0,5
412028.0,773494.0,5
344915.0,702496.0,5
407460.0,791404.0,5
426040.0,825049.0,5
407565.0,766203.0,5
414317.0,828815.0,5
410610.0,765111.0,5
406337.0,750353.0,5
416039.0,730594.0,5
398478.0,822297.0,5
472917.0,830363.0,5
329002.0,727685.0,5
418618.0,811618.0,5
425356.0,745471.0,5
470922.0,770669.0,5
412851.0,774986.0,5
400079.0,749617.0,5
430747.0,776261.0,5
429220.0,787348.0,5
427850.0,762201.0,5
434080.0,785264.0,5
473514.0,788780.0,5
430686.0,844506.0,5
422198.0,724557.0,5
392185.0,713763.0,5
399149.0,784376.0,5
527515.0,831478.0,5
430779.0,770145.0,5
413556.0,758080.0,5
398498.0,776720.0,5
473727.0,807244.0,5
456799.0,844976.0,5
444336.0,820061.0,5
403522.0,785432.0,5
403852.0,792473.0,5
448865.0,836781.0,5
457338.0,789952.0,5
396276.0,785999.0,5
402891.0,801910.0,5
460942.0,779073.0,5
385140.0,796221.0,5
430243.0,781020.0,5
416775.0,806826.0,5
415270.0,775605.0,5
472691.0,802678.0,5
471930.0,844046.0,5
411721.0,717873.0,5
439793.0,740773.0,5
467107.0,817914.0,5
387631.0,749416.0,5
417146.0,822655.0,5
345692.0,788190.0,5
414951.0,852935.0,5
409701.0,750741.0,5
459556.0,818479.0,5
423311.0,813081.0,5
476144.0,772131.0,5
391976.0,789416.0,5
448649.0,813885.0,5
496658.0,816784.0,5
439514.0,758221.0,5
424145.0,743433.0,5
396617.0,801039.0,5
394708.0,739061.0,5
394912.0,755947.0,5
441950.0,785934.0,5
409814.0,836083.0,5
395817.0,788858.0,5
422776.0,808328.0,5
349378.0,805118.0,5
484407.0,809641.0,5
403329.0,717870.0,5
392795.0,817694.0,5
489182.0,773934.0,5
427388.0,815258.0,5
749723.0,781756.0,7
828194.0,742074.0,7
800913.0,749332.0,7
810467.0,706465.0,7
803540.0,754792.0,7
832054.0,751330.0,7
786032.0,701427.0,7
857620.0,709386.0,7
776000.0,780347.0,7
824098.0,714042.0,7
828478.0,655405.0,7
784838.0,771499.0,7
854886.0,769396.0,7
818338.0,800932.0,7
861563.0,661642.0,7
839121.0,736259.0,7
841045.0,738224.0,7
862334.0,747768.0,7
846484.0,719360.0,7
826465.0,646980.0,7
814540.0,707227.0,7
816054.0,733183.0,7
789601.0,714058.0,7
827169.0,708345.0,7
848151.0,741869.0,7
801511.0,761094.0,7
873672.0,734440.0,7
814697.0,729209.0,7
832758.0,707452.0,7
848264.0,762550.0,7
799903.0,784535.0,7
824594.0,741664.0,7
839514.0,728923.0,7
827711.0,732798.0,7
819439.0,735945.0,7
850451.0,764015.0,7
811748.0,766105.0,7
817640.0,730018.0,7
777697.0,798253.0,7
868493.0,677155.0,7
805658.0,698630.0,7
840349.0,790707.0,7
817441.0,709397.0,7
805089.0,762512.0,7
796943.0,674692.0,7
827192.0,785316.0,7
818209.0,719382.0,7
822616.0,735941.0,7
823250.0,732088.0,7
862425.0,741010.0,7
800872.0,672603.0,7
825395.0,715780.0,7
848570.0,703697.0,7
850904.0,720163.0,7
816775.0,739989.0,7
815455.0,755486.0,7
835648.0,756631.0,7
825997.0,730652.0,7
817252.0,730254.0,7
791470.0,751113.0,7
841654.0,764836.0,7
804706.0,788001.0,7
829379.0,718721.0,7
837582.0,763266.0,7
838764.0,652792.0,7
828297.0,715480.0,7
819058.0,729125.0,7
817018.0,729596.0,7
797804.0,715342.0,7
829398.0,724900.0,7
754841.0,796342.0,7
821908.0,732077.0,7
823987.0,687499.0,7
787988.0,741203.0,7
839339.0,726322.0,7
822425.0,727248.0,7
840425.0,762290.0,7
817395.0,734126.0,7
807913.0,737341.0,7
822293.0,786837.0,7
795124.0,696429.0,7
815593.0,689874.0,7
817807.0,715863.0,7
837977.0,728814.0,7
801204.0,755177.0,7
876503.0,659112.0,7
823856.0,749355.0,7
818756.0,743887.0,7
811971.0,664520.0,7
801526.0,705057.0,7
827031.0,734324.0,7
782368.0,759352.0,7
769656.0,721159.0,7
807072.0,687932.0,7
750459.0,800215.0,7
823959.0,737866.0,7
801810.0,728106.0,7
820947.0,730529.0,7
768565.0,762193.0,7
821079.0,800206.0,7
781260.0,737962.0,7
819438.0,662327.0,7
822843.0,763117.0,7
865084.0,713697.0,7
820455.0,729132.0,7
849547.0,738979.0,7
823589.0,728083.0,7
803874.0,675499.0,7
830065.0,739162.0,7
852730.0,769968.0,7
811031.0,703822.0,7
825414.0,734466.0,7
786227.0,765634.0,7
757421.0,774445.0,7
822224.0,742716.0,7
821895.0,732158.0,7
860387.0,157731.0,20
863391.0,126214.0,20
905936.0,150106.0,20
818079.0,108536.0,20
844234.0,153197.0,20
862679.0,188399.0,20
888714.0,205560.0,20
851280.0,156049.0,20
840375.0,155757.0,20
840299.0,118907.0,20
864053.0,139325.0,20
856454.0,117143.0,20
864374.0,150149.0,20
858587.0,150101.0,20
870247.0,121460.0,20
850176.0,127908.0,20
828005.0,145089.0,20
849537.0,157510.0,20
829229.0,143653.0,20
871556.0,194747.0,20
865489.0,161762.0,20
846256.0,154064.0,20
894124.0,202052.0,20
848108.0,161786.0,20
861242.0,161722.0,20
885793.0,172115.0,20
877125.0,161227.0,20
883864.0,111281.0,20
891699.0,170415.0,20
840335.0,164912.0,20
858042.0,178196.0,20
846257.0,145306.0,20
857309.0,139276.0,20
912023.0,160368.0,20
842824.0,177832.0,20
821428.0,153468.0,20
827802.0,189078.0,20
847812.0,114745.0,20
830159.0,134329.0,20
850925.0,157811.0,20
780153.0,136449.0,20
852423.0,159874.0,20
883375.0,158482.0,20
850219.0,110573.0,20
858834.0,149259.0,20
882097.0,161493.0,20
787336.0,144875.0,20
843833.0,170416.0,20
850663.0,157840.0,20
812240.0,177846.0,20
850959.0,157920.0,20
854753.0,190254.0,20
895723.0,126593.0,20
857833.0,170565.0,20
871689.0,155981.0,20
864088.0,171351.0,20
902529.0,162041.0,20
854996.0,81095.0,20
821361.0,175823.0,20
810775.0,160434.0,20
844088.0,150085.0,20
830620.0,117906.0,20
835790.0,127898.0,20
858703.0,157931.0,20
857846.0,153281.0,20
876408.0,183646.0,20
842576.0,153072.0,20
834171.0,189042.0,20
869167.0,105039.0,20
846575.0,159002.0,20
895127.0,152283.0,20
792179.0,148539.0,20
852410.0,187705.0,20
853554.0,158012.0,20
878170.0,123364.0,20
866987.0,154415.0,20
846284.0,113820.0,20
856924.0,169071.0,20
851568.0,114049.0,20
868736.0,179354.0,20
800304.0,163436.0,20
823740.0,169808.0,20
883929.0,121705.0,20
851010.0,157593.0,20
850533.0,160136.0,20
913298.0,162009.0,20
923120.0,170161.0,20
835702.0,176502.0,20
855852.0,134834.0,20
924289.0,171369.0,20
836739.0,162321.0,20
854463.0,159977.0,20
848135.0,130674.0,20
786528.0,104976.0,20
834036.0,144156.0,20
846720.0,162060.0,20
849003.0,115373.0,20
856753.0,145184.0,20
839757.0,190518.0,20
865113.0,161302.0,20
818668.0,120458.0,20
889142.0,154467.0,20
850787.0,125678.0,20
859298.0,139834.0,20
829216.0,121494.0,20
851919.0,127963.0,20
841353.0,125628.0,20
855969.0,193497.0,20
852104.0,134678.0,20
850945.0,161669.0,20
885764.0,151791.0,20
814553.0,164190.0,20
864211.0,216526.0,20
791199.0,164843.0,20
843905.0,219401.0,20
838146.0,159541.0,20
349296.0,557688.0,16
321312.0,574721.0,16
410917.0,614521.0,16
283570.0,563726.0,16
317331.0,556086.0,16
335792.0,541310.0,16
366794.0,582584.0,16
339981.0,565418.0,16
328438.0,532686.0,16
339115.0,566863.0,16
333299.0,597586.0,16
366934.0,581294.0,16
337002.0,589527.0,16
327738.0,559624.0,16
297110.0,556485.0,16
413894.0,564459.0,16
340545.0,568654.0,16
318065.0,581616.0,16
367751.0,578289.0,16
331667.0,570387.0,16
339993.0,544064.0,16
352220.0,602793.0,16
333934.0,537464.0,16
303637.0,570253.0,16
353145.0,580916.0,16
325118.0,556212.0,16
373894.0,555347.0,16
357813.0,572855.0,16
304157.0,566007.0,16
331175.0,551842.0,16
322209.0,547247.0,16
375619.0,553791.0,16
288068.0,561932.0,16
284031.0,566654.0,16
342963.0,582232.0,16
328331.0,541094.0,16
357737.0,597104.0,16
392534.0,593343.0,16
343376.0,575709.0,16
361370.0,552483.0,16
368617.0,554066.0,16
331795.0,529654.0,16
344237.0,573700.0,16
328657.0,564864.0,16
333669.0,542228.0,16
320628.0,564596.0,16
316642.0,553340.0,16
340712.0,563178.0,16
297022.0,574097.0,16
319927.0,524637.0,16
359772.0,568428.0,16
341721.0,576427.0,16
386373.0,606623.0,16
338588.0,543875.0,16
341578.0,558672.0,16
330482.0,571217.0,16
225786.0,529417.0,4
365567.0,547606.0,16
320827.0,519618.0,16
286990.0,529505.0,16
411796.0,581307.0,16
344239.0,530765.0,16
321309.0,569996.0,16
363304.0,553764.0,16
304556.0,568584.0,16
313649.0,523765.0,16
351459.0,565704.0,16
412767.0,593558.0,16
283474.0,532727.0,16
366478.0,594677.0,16
331616.0,565089.0,16
331366.0,567311.0,16
281979.0,518199.0,16
338474.0,564151.0,16
318681.0,528806.0,16
310041.0,533285.0,16
330767.0,552963.0,16
312558.0,520650.0,16
315850.0,573154.0,16
341925.0,569393.0,16
335999.0,549795.0,16
332586.0,566187.0,16
340970.0,564831.0,16
352424.0,557574.0,16
279008.0,521035.0,16
327973.0,534972.0,16
385091.0,599401.0,16
332884.0,533990.0,16
289002.0,520678.0,16
324516.0,522674.0,16
364844.0,571623.0,16
275524.0,559548.0,16
308966.0,523409.0,16
316313.0,570785.0,16
341446.0,538787.0,16
347522.0,587567.0,16
336336.0,563145.0,16
321216.0,569834.0,16
341016.0,545280.0,16
324952.0,565867.0,16
353583.0,554147.0,16
292636.0,520371.0,16
337173.0,557853.0,16
333378.0,557892.0,16
344437.0,529492.0,16
367641.0,556309.0,16
355924.0,577596.0,16
292932.0,558293.0,16
306346.0,523584.0,16
341966.0,586266.0,16
326251.0,549298.0,16
335201.0,585318.0,16
351564.0,573155.0,16
322365.0,530808.0,16
221233.0,538472.0,4
338084.0,560295.0,16
345123.0,577788.0,16
409616.0,575024.0,16
365058.0,545456.0,16
344096.0,575522.0,16
182618.0,346663.0,15
186536.0,330019.0,15
174057.0,358906.0,15
215243.0,289985.0,15
170688.0,343596.0,15
165689.0,356983.0,15
168443.0,367928.0,15
165158.0,343946.0,15
175781.0,341039.0,15
233480.0,289069.0,15
189029.0,366740.0,15
192775.0,350028.0,15
134695.0,350397.0,15
198908.0,372797.0,15
186380.0,363938.0,15
224225.0,376975.0,15
178869.0,370161.0,15
164354.0,347671.0,15
145867.0,363616.0,15
164915.0,350360.0,15
174064.0,357989.0,15
179609.0,408365.0,15
176506.0,351827.0,15
172879.0,347028.0,15
146070.0,316860.0,15
152957.0,321354.0,15
162040.0,316797.0,15
140612.0,350010.0,15
146072.0,288800.0,15
169293.0,348686.0,15
117585.0,391892.0,15
163981.0,344090.0,15
141113.0,351050.0,15
140876.0,334435.0,15
159496.0,331641.0,15
167262.0,399527.0,15
185561.0,342784.0,15
157394.0,346500.0,15
129664.0,341196.0,15
173188.0,355248.0,15
185696.0,338006.0,15
102221.0,374657.0,15
164875.0,349007.0,15
159120.0,340829.0,15
179811.0,342089.0,15
186503.0,369651.0,15
200251.0,306215.0,15
165657.0,338722.0,15
213022.0,338238.0,15
175586.0,365049.0,15
171074.0,293610.0,15
165886.0,348709.0,15
186082.0,330058.0,15
142899.0,329415.0,15
187324.0,377187.0,15
158550.0,354818.0,15
174672.0,345849.0,15
187854.0,354777.0,15
176490.0,344679.0,15
81648.0,360080.0,15
153607.0,379395.0,15
105444.0,361358.0,15
177579.0,319865.0,15
198892.0,322470.0,15
166654.0,350678.0,15
189102.0,333074.0,15
144306.0,328086.0,15
168886.0,353913.0,15
130805.0,354417.0,15
176433.0,350561.0,15
142252.0,329183.0,15
129453.0,321221.0,15
144705.0,375936.0,15
189499.0,356601.0,15
183516.0,374212.0,15
149269.0,341445.0,15
174438.0,319075.0,15
107124.0,325984.0,15
159302.0,337993.0,15
140101.0,341028.0,15
168149.0,345638.0,15
150009.0,371014.0,15
151164.0,332239.0,15
168067.0,340249.0,15
170102.0,323164.0,15
124132.0,340448.0,15
149863.0,284721.0,15
169228.0,364545.0,15
183610.0,321788.0,15
159472.0,372246.0,15
166973.0,334724.0,15
161448.0,373412.0,15
125715.0,302114.0,15
167653.0,352074.0,15
125902.0,318850.0,15
171986.0,429306.0,15
157181.0,346842.0,15
188909.0,341194.0,15
117874.0,389929.0,15
98533.0,355691.0,15
122986.0,334382.0,15
168284.0,309036.0,15
160922.0,347681.0,15
147911.0,328024.0,15
177858.0,352255.0,15
113068.0,317574.0,15
171277.0,361020.0,15
190725.0,336160.0,15
169994.0,409806.0,15
172662.0,388185.0,15
160206.0,303063.0,15
155690.0,368375.0,15
179326.0,321160.0,15
155508.0,372355.0,15
166799.0,318482.0,15
179483.0,359645.0,15
213951.0,352868.0,15
214966.0,358837.0,15
219779.0,330969.0,15
169876.0,340860.0,15
613682.0,399434.0,17
629247.0,364078.0,17
609532.0,388425.0,17
629369.0,398359.0,17
607905.0,403460.0,17
608711.0,373665.0,17
623498.0,399288.0,17
574989.0,407228.0,17
687717.0,379483.0,17
620240.0,397022.0,17
559877.0,401053.0,17
617755.0,401065.0,17
693265.0,388552.0,17
559933.0,403956.0,17
595215.0,391491.0,17
617493.0,379303.0,17
601644.0,436831.0,17
617118.0,374098.0,17
616468.0,394118.0,17
630384.0,376295.0,17
637332.0,414017.0,17
650054.0,432740.0,17
595063.0,328609.0,17
608309.0,377530.0,17
658219.0,436184.0,17
632390.0,363198.0,17
575116.0,345564.0,17
625784.0,441883.0,17
618893.0,419740.0,17
623248.0,399928.0,17
609219.0,362804.0,17
537211.0,376777.0,17
613037.0,419086.0,17
617444.0,397675.0,17
592620.0,446156.0,17
631633.0,337973.0,17
629789.0,426313.0,17
608687.0,374928.0,17
680646.0,375662.0,17
591831.0,438997.0,17
550086.0,442382.0,17
617178.0,414525.0,17
599766.0,409755.0,17
584077.0,398498.0,17
626700.0,401688.0,17
611954.0,360938.0,17
613536.0,395801.0,17
576488.0,397913.0,17
610026.0,444858.0,17
629725.0,405117.0,17
638823.0,411764.0,17
617764.0,397102.0,17
610698.0,396326.0,17
642607.0,374702.0,17
608923.0,385575.0,17
619339.0,401624.0,17
619295.0,397643.0,17
615934.0,426539.0,17
673514.0,390760.0,17
657120.0,386782.0,17
675858.0,410545.0,17
626586.0,415166.0,17
638783.0,399478.0,17
578113.0,395458.0,17
622557.0,361134.0,17
666135.0,430421.0,17
634383.0,422065.0,17
613351.0,407952.0,17
623989.0,368662.0,17
687638.0,439257.0,17
619318.0,361696.0,17
588432.0,446279.0,17
592924.0,393730.0,17
615325.0,383841.0,17
620818.0,396967.0,17
660333.0,393215.0,17
618391.0,348381.0,17
565829.0,395454.0,17
620610.0,395343.0,17
617319.0,374666.0,17
630205.0,338054.0,17
618349.0,397614.0,17
630706.0,388370.0,17
621537.0,390372.0,17
618406.0,404239.0,17
700340.0,335010.0,3
608182.0,416637.0,17
620939.0,385731.0,17
626371.0,349696.0,17
617954.0,395504.0,17
621241.0,368090.0,17
581240.0,362971.0,17
617447.0,366176.0,17
685785.0,409913.0,17
668879.0,388617.0,17
608601.0,418450.0,17
577773.0,434308.0,17
620955.0,389692.0,17
571692.0,449353.0,17
658735.0,399039.0,17
618869.0,398187.0,17
639507.0,438534.0,17
594112.0,399331.0,17
610199.0,394579.0,17
621560.0,397789.0,17
608195.0,447380.0,17
650120.0,324477.0,17
571043.0,347389.0,17
659191.0,459637.0,17
629978.0,400626.0,17
630067.0,372798.0,17
600007.0,377908.0,17
639613.0,388524.0,17
669409.0,415893.0,17
629000.0,417990.0,17
605407.0,427914.0,17
610722.0,418243.0,17
615649.0,429323.0,17
219686.0,859997.0,13
298214.0,820903.0,13
286769.0,862152.0,13
276635.0,875623.0,13
230399.0,842538.0,13
209922.0,850026.0,13
300726.0,862728.0,13
222727.0,770963.0,13
291561.0,845450.0,13
221122.0,832810.0,13
194258.0,914691.0,13
264627.0,808661.0,13
225916.0,843329.0,13
240221.0,843932.0,13
285258.0,848668.0,13
237120.0,856814.0,13
234604.0,822462.0,13
235901.0,856563.0,13
207217.0,878249.0,13
189752.0,865463.0,13
188480.0,870646.0,13
305915.0,854818.0,13
257926.0,936947.0,13
273165.0,852766.0,13
256487.0,868899.0,13
268289.0,878265.0,13
295375.0,861990.0,13
298979.0,774144.0,13
249857.0,844975.0,13
252586.0,806474.0,13
283017.0,850861.0,13
266980.0,825990.0,13
294326.0,807584.0,13
299821.0,866288.0,13
240308.0,844341.0,13
220620.0,819091.0,13
268926.0,813783.0,13
240171.0,843940.0,13
191257.0,802651.0,13
264798.0,767716.0,13
232246.0,844226.0,13
237757.0,834092.0,13
243331.0,844022.0,13
229857.0,843917.0,13
224083.0,852922.0,13
309399.0,838744.0,13
256073.0,917590.0,13
241687.0,844256.0,13
282603.0,846165.0,13
228032.0,893055.0,13
236274.0,861302.0,13
261819.0,863523.0,13
200005.0,825237.0,13
310591.0,841778.0,13
236495.0,861569.0,13
256889.0,880721.0,13
222445.0,891438.0,13
236207.0,886769.0,13
241545.0,838673.0,13
266111.0,813259.0,13
219316.0,898830.0,13
251866.0,864044.0,13
220884.0,916718.0,13
288954.0,846991.0,13
238084.0,844799.0,13
299772.0,828655.0,13
241633.0,846949.0,13
232331.0,872896.0,13
264293.0,890923.0,13
224288.0,931476.0,13
297183.0,841456.0,13
308616.0,811021.0,13
289719.0,866638.0,13
240645.0,855514.0,13
229567.0,855332.0,13
244618.0,845420.0,13
213775.0,841758.0,13
267478.0,894783.0,13
236987.0,881080.0,13
181803.0,799487.0,13
222019.0,839774.0,13
238328.0,770068.0,13
238714.0,858826.0,13
134134.0,842630.0,13
221126.0,837878.0,13
264565.0,859237.0,13
198583.0,860431.0,13
215976.0,836025.0,13
292194.0,906490.0,13
243951.0,865415.0,13
245740.0,814541.0,13
317675.0,838127.0,13
221706.0,875060.0,13
236740.0,853169.0,13
298800.0,824277.0,13
247484.0,846372.0,13
288675.0,919879.0,13
240028.0,849354.0,13
212009.0,864463.0,13
246857.0,852483.0,13
241475.0,850889.0,13
257134.0,845851.0,13
187314.0,815820.0,13
329428.0,66056.0,6
253129.0,154296.0,11
319838.0,170383.0,11
376613.0,159699.0,11
338717.0,181582.0,11
304283.0,183656.0,11
314519.0,146787.0,11
321775.0,164846.0,11
294832.0,124284.0,6
295537.0,91032.0,6
383044.0,180418.0,11
316263.0,163806.0,11
277860.0,111893.0,6
333789.0,151168.0,11
321822.0,187102.0,11
383052.0,89061.0,6
300672.0,175844.0,11
319208.0,164182.0,11
332284.0,194186.0,11
344482.0,215846.0,11
330533.0,214555.0,11
292193.0,125417.0,6
234837.0,151054.0,11
347050.0,150472.0,11
347406.0,155708.0,11
318738.0,182134.0,11
311819.0,140674.0,6
332032.0,157725.0,11
301983.0,173386.0,11
315830.0,102777.0,6
345976.0,148333.0,6
320210.0,191459.0,11
264427.0,188193.0,11
320718.0,158610.0,11
345234.0,188822.0,11
315963.0,174031.0,11
334812.0,137431.0,6
347492.0,153416.0,11
274321.0,219665.0,11
335476.0,183897.0,11
366146.0,196571.0,11
350480.0,214608.0,11
328851.0,147002.0,11
271123.0,163465.0,11
332307.0,189590.0,11
380281.0,205779.0,11
348191.0,165419.0,11
305292.0,175260.0,11
358562.0,112650.0,6
355499.0,224982.0,11
246753.0,175170.0,11
371685.0,151612.0,6
239495.0,163949.0,11
260930.0,184935.0,11
307616.0,207295.0,11
372883.0,222824.0,11
318707.0,160697.0,11
270233.0,195701.0,11
433100.0,134861.0,8
311433.0,134432.0,6
315146.0,160782.0,11
311163.0,166821.0,11
383894.0,179880.0,11
341137.0,78287.0,6
317771.0,154916.0,11
342066.0,119083.0,6
281732.0,221764.0,11
321262.0,178491.0,11
247892.0,115217.0,6
333942.0,143344.0,6
290958.0,168323.0,11
297731.0,175876.0,11
280274.0,182662.0,11
270201.0,236813.0,11
446538.0,180119.0,8
258201.0,153095.0,11
353951.0,133923.0,6
367079.0,183232.0,11
363932.0,228249.0,11
323905.0,168029.0,11
381617.0,157000.0,11
415495.0,116126.0,8
271424.0,251323.0,11
327734.0,163585.0,11
346079.0,220993.0,11
276741.0,143844.0,11
310386.0,171068.0,11
270404.0,183080.0,11
324966.0,170021.0,11
306421.0,145493.0,11
382419.0,110392.0,6
318192.0,170844.0,11
320821.0,165455.0,11
329029.0,204399.0,11
311065.0,219934.0,11
369490.0,164369.0,11
282957.0,179982.0,11
327927.0,168535.0,11
327022.0,161396.0,11
248427.0,146381.0,11
306042.0,66361.0,6
248779.0,111087.0,6
313783.0,177198.0,11
296164.0,96874.0,6
290700.0,196285.0,11
328423.0,161604.0,11
333883.0,276840.0,11
306357.0,123397.0,6
267212.0,158699.0,11
335235.0,180161.0,11
333937.0,51121.0,6
328775.0,156501.0,11
293201.0,192871.0,11
312227.0,159417.0,11
324337.0,162686.0,11
323329.0,93955.0,6
267264.0,153034.0,11
312421.0,170617.0,11
244344.0,185382.0,11
252845.0,181181.0,11
382720.0,263255.0,11
326040.0,156509.0,11
132705.0,557674.0,19
114311.0,601605.0,12
97216.0,564094.0,12
101553.0,517715.0,19
133023.0,574572.0,12
136531.0,557658.0,19
156430.0,615117.0,12
137451.0,555339.0,19
166290.0,521714.0,19
210499.0,526471.0,4
136301.0,569544.0,19
139212.0,557713.0,19
84501.0,604671.0,12
105945.0,528795.0,19
138449.0,555969.0,19
139460.0,557260.0,19
151701.0,574146.0,19
142668.0,544976.0,19
192564.0,547558.0,4
182840.0,584262.0,4
135849.0,550612.0,19
101427.0,615890.0,12
143265.0,548387.0,19
137347.0,622867.0,12
139146.0,569516.0,19
202547.0,601240.0,4
113259.0,568684.0,12
177246.0,571940.0,4
107972.0,601191.0,12
138965.0,558201.0,19
171471.0,576787.0,4
136078.0,547418.0,19
140164.0,531093.0,19
67867.0,545392.0,12
149906.0,546909.0,19
115287.0,602637.0,12
206561.0,574789.0,4
127373.0,549518.0,19
141699.0,530028.0,19
137516.0,556818.0,19
179793.0,483378.0,19
140717.0,554093.0,19
153185.0,562792.0,19
147599.0,513563.0,19
143879.0,536650.0,19
138734.0,557713.0,19
260096.0,530550.0,4
121650.0,599844.0,12
188992.0,563992.0,4
179830.0,547383.0,4
112184.0,530469.0,19
166904.0,503121.0,19
117959.0,536156.0,19
140706.0,547367.0,19
138012.0,558263.0,19
142663.0,556520.0,19
119237.0,591137.0,12
186380.0,487625.0,19
113099.0,546732.0,19
176278.0,550602.0,4
149758.0,564768.0,19
151374.0,538387.0,19
155430.0,549012.0,19
172756.0,612694.0,4
169322.0,577938.0,4
110877.0,562558.0,12
259173.0,548593.0,4
103153.0,601002.0,12
116860.0,550810.0,19
179834.0,541387.0,4
131532.0,536658.0,19
123905.0,508486.0,19
201753.0,569116.0,4
110479.0,594587.0,12
161475.0,587507.0,4
158596.0,562634.0,19
137172.0,523482.0,19
86243.0,559135.0,12
127964.0,538935.0,19
122130.0,568886.0,12
167716.0,562762.0,4
87236.0,607429.0,12
139911.0,561185.0,19
146183.0,622188.0,12
146678.0,558942.0,19
136569.0,532130.0,19
177665.0,557923.0,4
64979.0,538104.0,12
94061.0,576129.0,12
79285.0,554817.0,12
103192.0,550021.0,12
220224.0,592068.0,4
143912.0,595772.0,12
80673.0,566893.0,12
94249.0,600812.0,12
98675.0,580608.0,12
95074.0,570002.0,12
125548.0,552424.0,19
118391.0,553625.0,19
122296.0,566921.0,12
48143.0,523870.0,12
104489.0,542515.0,19
144401.0,565666.0,19
107160.0,530936.0,19
119496.0,543146.0,19
142575.0,517378.0,19
154964.0,554923.0,19
163925.0,576666.0,4
138349.0,554238.0,19
202175.0,495076.0,4
163477.0,561507.0,19
119535.0,551857.0,19
114108.0,540537.0,19
136059.0,558213.0,19
233105.0,591646.0,4
495165.0,163113.0,10
541435.0,206637.0,10
506069.0,169723.0,10
505044.0,180646.0,10
543616.0,144788.0,10
509804.0,175714.0,10
416763.0,96639.0,8
500589.0,181466.0,10
553118.0,165472.0,10
502511.0,205121.0,10
514551.0,176526.0,10
521152.0,152439.0,10
509928.0,184873.0,10
507895.0,177445.0,10
454160.0,102568.0,8
519003.0,160741.0,10
509173.0,178051.0,10
507674.0,147431.0,8
473361.0,185066.0,10
504755.0,150226.0,8
474135.0,199330.0,10
490956.0,124550.0,8
499637.0,194036.0,10
515856.0,148316.0,10
482568.0,159010.0,8
469470.0,189347.0,10
514173.0,139330.0,8
505117.0,141877.0,8
501334.0,163002.0,10
512241.0,169240.0,10
491382.0,122267.0,8
535453.0,200970.0,10
496130.0,178113.0,10
528826.0,154067.0,10
508789.0,174256.0,10
502302.0,210265.0,10
516084.0,178725.0,10
575022.0,213534.0,10
508797.0,176269.0,10
485361.0,169229.0,10
474641.0,81263.0,8
434581.0,123267.0,8
514876.0,182995.0,10
512900.0,219252.0,10
510739.0,121103.0,8
505603.0,147517.0,8
482628.0,171320.0,10
541790.0,172616.0,10
473649.0,178184.0,10
514934.0,219169.0,10
500474.0,169746.0,10
488800.0,197919.0,10
561725.0,168220.0,10
514428.0,222503.0,10
519421.0,154681.0,10
513957.0,139202.0,8
533351.0,147778.0,10
511030.0,221292.0,10
497254.0,171940.0,10
507741.0,178883.0,10
462658.0,75167.0,8
521032.0,177084.0,10
485968.0,123023.0,8
478442.0,125560.0,8
497211.0,174121.0,10
491442.0,116195.0,8
473202.0,140745.0,8
520759.0,184923.0,10
507832.0,181513.0,10
514391.0,156592.0,10
477746.0,163845.0,8
497255.0,188783.0,10
545240.0,221008.0,10
524397.0,239456.0,10
481356.0,162127.0,8
494574.0,198972.0,10
477901.0,173288.0,10
509223.0,177592.0,10
445043.0,152257.0,8
514622.0,206979.0,10
479631.0,178459.0,10
496476.0,140337.0,8
498389.0,178069.0,10
529409.0,157228.0,10
501111.0,157402.0,10
589900.0,217899.0,10
519962.0,175210.0,10
502877.0,192740.0,10
520782.0,134308.0,8
515494.0,188459.0,10
484395.0,107291.0,8
502002.0,166223.0,10
521153.0,242968.0,10
487952.0,168607.0,10
460133.0,173081.0,8
497815.0,165151.0,10
464634.0,173867.0,8
518675.0,175686.0,10
533566.0,214619.0,10
517882.0,175467.0,10
549642.0,157506.0,10
506815.0,173387.0,10
417996.0,408162.0,1
388202.0,405780.0,1
410506.0,395586.0,1
449683.0,388863.0,1
412111.0,418466.0,1
383075.0,447616.0,1
402227.0,414685.0,1
442915.0,420573.0,1
420792.0,430901.0,1
397791.0,444527.0,1
384572.0,388523.0,1
414997.0,432597.0,1
396150.0,430329.0,1
424228.0,442208.0,1
402677.0,412615.0,1
354601.0,358760.0,1
410682.0,349328.0,1
392258.0,405478.0,1
353941.0,399967.0,1
397158.0,370362.0,1
352429.0,359750.0,1
387039.0,365758.0,1
394436.0,450912.0,1
376444.0,371957.0,1
426625.0,475977.0,1
374797.0,407601.0,1
451670.0,388347.0,1
392428.0,402295.0,1
383022.0,409854.0,1
381340.0,409680.0,1
415521.0,368125.0,1
422261.0,374345.0,1
392728.0,411341.0,1
401330.0,395538.0,1
399188.0,402459.0,1
389510.0,370897.0,1
405902.0,394724.0,1
338347.0,337961.0,1
375233.0,399429.0,1
397764.0,406712.0,1
414290.0,393146.0,1
416893.0,347737.0,1
397851.0,400846.0,1
447192.0,359893.0,1
402566.0,415798.0,1
362753.0,369848.0,1
409167.0,449719.0,1
398617.0,402424.0,1
408714.0,391412.0,1
403751.0,385539.0,1
373943.0,376926.0,1
401162.0,412142.0,1
478361.0,409520.0,1
357466.0,354094.0,1
417617.0,414816.0,1
470047.0,410943.0,1
378824.0,430343.0,1
369227.0,397853.0,1
397331.0,407010.0,1
401708.0,409924.0,1
409823.0,412908.0,1
397735.0,448097.0,1
394761.0,461494.0,1
357253.0,388075.0,1
415233.0,441297.0,1
404445.0,402466.0,1
408224.0,399767.0,1
416750.0,435776.0,1
387103.0,401925.0,1
368200.0,364844.0,1
432184.0,395118.0,1
322936.0,368566.0,1
402710.0,424367.0,1
348263.0,386451.0,1
380236.0,460907.0,1
398795.0,472619.0,1
423371.0,373970.0,1
429515.0,393708.0,1
408147.0,436628.0,1
436362.0,379677.0,1
370252.0,347498.0,1
418046.0,358461.0,1
406739.0,400918.0,1
392424.0,375266.0,1
391970.0,419802.0,1
389279.0,424006.0,1
468907.0,448885.0,1
375971.0,427549.0,1
414374.0,439977.0,1
368363.0,409733.0,1
381863.0,416651.0,1
391384.0,413273.0,1
365223.0,422531.0,1
382396.0,405483.0,1
411674.0,402377.0,1
424365.0,371987.0,1
361875.0,448199.0,1
333682.0,401078.0,1
397889.0,398501.0,1
417494.0,392231.0,1
376493.0,366302.0,1
460684.0,371809.0,1
449571.0,387141.0,1
477323.0,384551.0,1
359740.0,379592.0,1
429653.0,438596.0,1
361814.0,411086.0,1
410418.0,409414.0,1
392162.0,355397.0,1
408182.0,408351.0,1
411090.0,435389.0,1
312123.0,419763.0,1
411053.0,432808.0,1
367864.0,442851.0,1
854654.0,549222.0,9
870826.0,524625.0,9
868025.0,569296.0,9
887896.0,558572.0,9
844066.0,546029.0,9
897131.0,604582.0,9
845120.0,549830.0,9
841130.0,529745.0,9
887556.0,531797.0,9
793791.0,581315.0,9
879722.0,550246.0,9
871873.0,509094.0,9
900991.0,497149.0,9
852918.0,552112.0,9
903840.0,586229.0,9
844617.0,499013.0,9
883981.0,607581.0,9
864265.0,549505.0,9
895565.0,501871.0,9
873791.0,606643.0,9
841843.0,503359.0,9
842719.0,506205.0,9
850607.0,565348.0,9
838367.0,536676.0,9
808555.0,600511.0,9
832010.0,554080.0,9
865030.0,541150.0,9
873136.0,513309.0,9
875640.0,561262.0,9
849501.0,552769.0,9
866973.0,550375.0,9
906382.0,534459.0,9
865081.0,551012.0,9
867801.0,548156.0,9
846324.0,557586.0,9
833499.0,504718.0,9
854979.0,539793.0,9
838036.0,542999.0,9
850790.0,525740.0,9
869818.0,543227.0,9
860151.0,543055.0,9
853093.0,586321.0,9
842903.0,567914.0,9
819843.0,570485.0,9
875625.0,599766.0,9
887780.0,536497.0,9
849858.0,524682.0,9
843111.0,581603.0,9
898736.0,548642.0,9
915504.0,527751.0,9
837880.0,444574.0,9
827672.0,545966.0,9
869960.0,562146.0,9
877440.0,529137.0,9
821835.0,564313.0,9
878696.0,530134.0,9
837312.0,572687.0,9
860863.0,546060.0,9
864721.0,548447.0,9
876151.0,582116.0,9
807278.0,566392.0,9
872033.0,558924.0,9
894268.0,532597.0,9
850478.0,566230.0,9
823202.0,619103.0,9
889743.0,560547.0,9
854374.0,550707.0,9
860384.0,555572.0,9
838808.0,524944.0,9
891515.0,520429.0,9
805884.0,549492.0,9
920249.0,551171.0,9
808777.0,512952.0,9
824475.0,518063.0,9
856437.0,532452.0,9
839280.0,539324.0,9
865020.0,550686.0,9
861069.0,548327.0,9
844086.0,531300.0,9
923996.0,594948.0,9
832154.0,559403.0,9
858537.0,548576.0,9
828001.0,524067.0,9
793875.0,473793.0,9
766617.0,548142.0,9
852687.0,540692.0,9
800152.0,576217.0,9
859492.0,572224.0,9
925485.0,596955.0,9
873380.0,495161.0,9
765011.0,607246.0,9
898578.0,612291.0,9
795909.0,462864.0,9
848628.0,503773.0,9
851166.0,532382.0,9
870214.0,556246.0,9
857319.0,543529.0,9
878519.0,606677.0,9
835831.0,555864.0,9
885828.0,586348.0,9
916704.0,609548.0,9
877298.0,565604.0,9
916082.0,517633.0,9
913686.0,576892.0,9
880275.0,564545.0,9
880958.0,588608.0,9
861868.0,549168.0,9
769546.0,554722.0,9
855074.0,542557.0,9
846646.0,548548.0,9
573324.0,878802.0,18
649412.0,856993.0,18
667280.0,765619.0,18
674463.0,862486.0,18
676694.0,851597.0,18
721401.0,951880.0,18
633601.0,861482.0,18
642843.0,909185.0,18
673196.0,812941.0,18
694451.0,863981.0,18
709254.0,847444.0,18
659166.0,861665.0,18
692386.0,863386.0,18
622212.0,860015.0,18
736557.0,897961.0,18
695092.0,820091.0,18
664156.0,846474.0,18
675382.0,836312.0,18
672212.0,860894.0,18
674236.0,877152.0,18
679818.0,860064.0,18
640210.0,902029.0,18
671772.0,860357.0,18
718544.0,888401.0,18
668367.0,855686.0,18
672059.0,860501.0,18
683580.0,872374.0,18
680228.0,843225.0,18
662249.0,918050.0,18
671325.0,856592.0,18
680592.0,858526.0,18
675633.0,863416.0,18
678195.0,860537.0,18
679054.0,898217.0,18
676360.0,866112.0,18
672068.0,874862.0,18
665660.0,828338.0,18
672544.0,859978.0,18
713088.0,880834.0,18
680969.0,838864.0,18
676962.0,897430.0,18
668519.0,860048.0,18
663095.0,949045.0,18
658734.0,883214.0,18
674121.0,858589.0,18
700962.0,927047.0,18
648230.0,857418.0,18
680757.0,826912.0,18
656156.0,868643.0,18
653258.0,860766.0,18
646422.0,900526.0,18
604546.0,847329.0,18
631316.0,837043.0,18
666315.0,872311.0,18
710082.0,881600.0,18
685821.0,816579.0,18
657981.0,866945.0,18
669178.0,866011.0,18
683027.0,876064.0,18
637665.0,858741.0,18
685124.0,873363.0,18
674496.0,870664.0,18
684602.0,823981.0,18
683413.0,861559.0,18
674365.0,860819.0,18
662684.0,813662.0,18
673242.0,886958.0,18
636769.0,854047.0,18
685551.0,798742.0,18
663945.0,828490.0,18
706906.0,885612.0,18
676767.0,832479.0,18
674905.0,876286.0,18
672818.0,881943.0,18
625416.0,868848.0,18
688098.0,908495.0,18
753254.0,840123.0,18
674114.0,970756.0,18
634004.0,895206.0,18
666636.0,858686.0,18
672598.0,856928.0,18
689628.0,868984.0,18
704570.0,845515.0,18
667131.0,849230.0,18
621278.0,888326.0,18
689948.0,850548.0,18
697011.0,856357.0,18
653181.0,886417.0,18
729194.0,856897.0,18
680677.0,868629.0,18
665697.0,929571.0,18
602365.0,916673.0,18
684537.0,843821.0,18
694308.0,904062.0,18
731712.0,878998.0,18
667713.0,847241.0,18
722463.0,882675.0,18
683252.0,858182.0,18
669288.0,860515.0,18
675357.0,870850.0,18
603472.0,894573.0,18
693362.0,837786.0,18
687078.0,791051.0,18
683048.0,937776.0,18
571669.0,873544.0,18
601619.0,825604.0,18
564416.0,878492.0,18
683321.0,873932.0,18
677362.0,853471.0,18
597173.0,575538.0,2
604678.0,574577.0,14
607269.0,536961.0,14
601967.0,604428.0,2
629718.0,558104.0,14
610666.0,551701.0,14
625728.0,579460.0,14
617910.0,592293.0,14
555904.0,640401.0,2
603359.0,589262.0,2
578496.0,631434.0,2
540029.0,563888.0,2
610330.0,552628.0,14
598184.0,531473.0,14
606738.0,601356.0,2
546031.0,570429.0,2
606011.0,569426.0,14
585048.0,505097.0,14
607604.0,573951.0,14
591484.0,571087.0,2
613868.0,585089.0,14
545235.0,539822.0,2
560362.0,567914.0,2
614943.0,540976.0,14
671269.0,590258.0,14
623004.0,508050.0,14
589658.0,640498.0,2
559078.0,570088.0,2
566609.0,537592.0,2
600117.0,539079.0,14
590583.0,623314.0,2
606933.0,576409.0,14
579773.0,568698.0,2
605958.0,573728.0,14
603855.0,575180.0,14
611315.0,560757.0,14
697959.0,614701.0,14
589994.0,610890.0,2
587466.0,564953.0,2
601885.0,573083.0,14
801539.0,318482.0,3
797105.0,316002.0,3
802482.0,335269.0,3
797242.0,324588.0,3
817135.0,349925.0,3
802089.0,313456.0,3
802646.0,317894.0,3
765502.0,240340.0,3
790932.0,305223.0,3
795299.0,312036.0,3
756701.0,207223.0,20
801055.0,321833.0,3
804038.0,306622.0,3
824624.0,381716.0,3
805372.0,313397.0,3
797569.0,321799.0,3
803796.0,314893.0,3
804354.0,309671.0,3
803774.0,334756.0,3
841928.0,398948.0,3
786245.0,292352.0,3
773023.0,251826.0,3
805080.0,323708.0,3
799724.0,318884.0,3
810543.0,341180.0,3
779437.0,281959.0,3
814280.0,344223.0,3
805462.0,317833.0,3
798308.0,312788.0,3
801309.0,318213.0,3
770113.0,241615.0,3
804332.0,319006.0,3
801232.0,307078.0,3
794615.0,305632.0,3
809259.0,345634.0,3
801301.0,316893.0,3
802254.0,320673.0,3
783116.0,265635.0,3
793855.0,298525.0,3
803839.0,310353.0,3
806192.0,337849.0,3
799021.0,326404.0,3
804408.0,337683.0,3
797947.0,319734.0,3
846693.0,429031.0,3
807696.0,320548.0,3
406233.0,813072.0,5
401478.0,785370.0,5
425260.0,773661.0,5
400008.0,789447.0,5
443447.0,783977.0,5
389392.0,730768.0,5
473485.0,847098.0,5
417091.0,792545.0,5
394022.0,803914.0,5
396118.0,794614.0,5
424476.0,781552.0,5
417016.0,774869.0,5
407023.0,787385.0,5
396548.0,784388.0,5
393758.0,750953.0,5
460371.0,780609.0,5
388873.0,746909.0,5
386436.0,791388.0,5
440667.0,768761.0,5
391555.0,789079.0,5
406176.0,760860.0,5
425053.0,790566.0,5
417447.0,782955.0,5
459230.0,803720.0,5
373360.0,784232.0,5
419227.0,779215.0,5
365147.0,790525.0,5
397747.0,792207.0,5
397806.0,749559.0,5
414512.0,793966.0,5
424375.0,721868.0,5
403890.0,792420.0,5
400902.0,772920.0,5
492415.0,829655.0,5
409142.0,811927.0,5
412677.0,786951.0,5
404359.0,783919.0,5
453154.0,776082.0,5
506612.0,858859.0,5
436648.0,859634.0,5
412453.0,784453.0,5
383821.0,808301.0,5
385257.0,791581.0,5
411488.0,837715.0,5
391163.0,811977.0,5
414860.0,773921.0,5
371779.0,814715.0,5
375997.0,806621.0,5
437958.0,784801.0,5
435085.0,791564.0,5
425611.0,793420.0,5
430001.0,765803.0,5
427371.0,819417.0,5
469782.0,780552.0,5
430167.0,811490.0,5
357467.0,797530.0,5
421187.0,779726.0,5
407626.0,771304.0,5
347933.0,797148.0,5
419485.0,804779.0,5
461751.0,817277.0,5
831165.0,783383.0,7
793019.0,764859.0,7
779936.0,774397.0,7
828589.0,652430.0,7
862189.0,735684.0,7
815131.0,704478.0,7
840863.0,737972.0,7
829623.0,732301.0,7
820350.0,748217.0,7
801177.0,737548.0,7
840270.0,725456.0,7
816091.0,747764.0,7
851644.0,721350.0,7
790612.0,738038.0,7
879221.0,655497.0,7
824765.0,761114.0,7
848586.0,789052.0,7
873532.0,712802.0,7
832798.0,734777.0,7
824322.0,744720.0,7
846090.0,651306.0,7
824674.0,806300.0,7
821337.0,733356.0,7
796786.0,724615.0,7
866139.0,717138.0,7
862569.0,719773.0,7
821259.0,750089.0,7
822623.0,745025.0,7
822474.0,780882.0,7
866928.0,716961.0,7
786935.0,732999.0,7
804925.0,735492.0,7
870054.0,738900.0,7
818932.0,728481.0,7
827081.0,694553.0,7
824013.0,753991.0,7
829133.0,735488.0,7
816615.0,770855.0,7
797233.0,713358.0,7
813319.0,737376.0,7
860951.0,162251.0,20
849653.0,143827.0,20
835128.0,212354.0,20
828179.0,155649.0,20
826192.0,172906.0,20
873527.0,126426.0,20
836433.0,200181.0,20
854922.0,159650.0,20
860606.0,152843.0,20
838328.0,185708.0,20
859707.0,202806.0,20
817619.0,181929.0,20
850577.0,157049.0,20
905005.0,164126.0,20
870599.0,149782.0,20
834483.0,173379.0,20
813239.0,139752.0,20
871255.0,140340.0,20
838609.0,140215.0,20
850200.0,164752.0,20
877422.0,134877.0,20
850153.0,155701.0,20
819256.0,201704.0,20
799326.0,106384.0,20
843150.0,156573.0,20
862925.0,243856.0,20
856561.0,128799.0,20
819670.0,183364.0,20
830445.0,186055.0,20
925732.0,210388.0,20
835581.0,147664.0,20
859177.0,143273.0,20
866851.0,129505.0,20
864494.0,136669.0,20
860106.0,157080.0,20
846936.0,161313.0,20
845802.0,172285.0,20
900955.0,185733.0,20
855993.0,225023.0,20
848290.0,143184.0,20
791722.0,162000.0,20
806567.0,140259.0,20
864991.0,159874.0,20
895623.0,178393.0,20
865170.0,173755.0,20
850453.0,155432.0,20
834165.0,140684.0,20
342064.0,570045.0,16
330455.0,568758.0,16
338342.0,566864.0,16
432052.0,613723.0,16
340064.0,550509.0,16
296775.0,572432.0,16
345840.0,561591.0,16
353979.0,578923.0,16
326043.0,553772.0,16
268672.0,508874.0,16
335328.0,562880.0,16
339212.0,538693.0,16
357275.0,551101.0,16
334785.0,565575.0,16
452457.0,597461.0,16
344791.0,578536.0,16
343997.0,585193.0,16
366688.0,562413.0,16
321657.0,538660.0,16
360165.0,553303.0,16
336928.0,557412.0,16
354529.0,573677.0,16
358312.0,559466.0,16
304086.0,576100.0,16
346144.0,560472.0,16
369366.0,561201.0,16
344314.0,595915.0,16
328586.0,551385.0,16
339288.0,588052.0,16
330335.0,568221.0,16
327695.0,543105.0,16
336549.0,565597.0,16
335029.0,553213.0,16
324032.0,577807.0,16
321924.0,527106.0,16
269126.0,508814.0,16
350798.0,535657.0,16
325125.0,564342.0,16
330145.0,546705.0,16
302353.0,545544.0,16
285152.0,520229.0,16
396903.0,591235.0,16
297212.0,546223.0,16
296763.0,528676.0,16
329859.0,564384.0,16
368724.0,598412.0,16
168573.0,350387.0,15
170271.0,306395.0,15
188093.0,324040.0,15
183236.0,338163.0,15
161345.0,350804.0,15
210497.0,359835.0,15
148749.0,359845.0,15
177505.0,332053.0,15
169966.0,368623.0,15
155505.0,355581.0,15
211265.0,396792.0,15
203254.0,362605.0,15
159191.0,309314.0,15
152861.0,407965.0,15
235671.0,300234.0,15
133744.0,308918.0,15
172020.0,342883.0,15
178495.0,373915.0,15
133580.0,348602.0,15
169145.0,355279.0,15
141860.0,324304.0,15
171614.0,435530.0,15
185071.0,362905.0,15
146821.0,297434.0,15
171848.0,343242.0,15
183970.0,355973.0,15
158571.0,361986.0,15
216975.0,296647.0,15
137098.0,384889.0,15
142455.0,343512.0,15
174656.0,393278.0,15
159392.0,351000.0,15
165607.0,362883.0,15
176982.0,354631.0,15
184570.0,360446.0,15
162600.0,392531.0,15
128953.0,304971.0,15
217686.0,296514.0,15
140128.0,325904.0,15
160165.0,362858.0,15
669118.0,354195.0,17
617399.0,392653.0,17
622550.0,391601.0,17
616040.0,330855.0,17
613921.0,394043.0,17
655859.0,416496.0,17
598657.0,442558.0,17
556780.0,409205.0,17
577473.0,384210.0,17
663820.0,416308.0,17
710910.0,464586.0,17
624310.0,398408.0,17
611357.0,393577.0,17
634973.0,450542.0,17
595411.0,413706.0,17
618446.0,372298.0,17
561388.0,355834.0,17
691600.0,397893.0,17
610676.0,449688.0,17
523329.0,404632.0,17
648429.0,422590.0,17
562772.0,382904.0,17
576235.0,462612.0,17
598628.0,425191.0,17
499262.0,398424.0,1
578878.0,420108.0,17
618449.0,404599.0,17
582389.0,428200.0,17
621989.0,394856.0,17
618113.0,400002.0,17
609344.0,448128.0,17
615342.0,413931.0,17
632060.0,367800.0,17
572244.0,349463.0,17
637594.0,420311.0,17
638966.0,486628.0,14
655201.0,411873.0,17
617428.0,397343.0,17
619427.0,396945.0,17
619332.0,401992.0,17
636807.0,424537.0,17
533889.0,333741.0,17
632952.0,385722.0,17
588952.0,437524.0,17
662830.0,420955.0,17
634661.0,446187.0,17
605650.0,447537.0,17
618157.0,384990.0,17
630904.0,404643.0,17
650859.0,460072.0,17
642157.0,345545.0,17
601369.0,411415.0,17
604703.0,392288.0,17
721905.0,378957.0,3
618676.0,377015.0,17
658884.0,390135.0,17
213558.0,873714.0,13
245144.0,845719.0,13
283576.0,809069.0,13
222704.0,824909.0,13
245023.0,849247.0,13
263626.0,851699.0,13
231263.0,863308.0,13
247939.0,831010.0,13
278326.0,829095.0,13
260943.0,889692.0,13
269723.0,849664.0,13
241972.0,840749.0,13
237689.0,839510.0,13
251958.0,886571.0,13
227819.0,900986.0,13
241381.0,844402.0,13
248210.0,886338.0,13
277055.0,860813.0,13
246729.0,879602.0,13
224852.0,934148.0,13
228711.0,848090.0,13
201080.0,823689.0,13
313609.0,860065.0,13
244257.0,776516.0,13
235337.0,831592.0,13
267049.0,950249.0,13
245678.0,821691.0,13
274685.0,883097.0,13
244260.0,847060.0,13
264274.0,813041.0,13
139601.0,914203.0,13
256512.0,837094.0,13
258528.0,856273.0,13
244246.0,847589.0,13
209264.0,836661.0,13
240846.0,841609.0,13
332237.0,911313.0,13
256216.0,903741.0,13
233931.0,838374.0,13
239387.0,847822.0,13
250394.0,847577.0,13
238492.0,833394.0,13
250359.0,849451.0,13
218942.0,848326.0,13
228517.0,837056.0,13
230049.0,865536.0,13
265246.0,889333.0,13
219321.0,848396.0,13
245258.0,799882.0,13
321522.0,163852.0,11
307913.0,91419.0,6
311093.0,169734.0,11
367806.0,123963.0,6
350964.0,149159.0,6
346942.0,152780.0,11
310824.0,144943.0,11
348893.0,195430.0,11
313573.0,109221.0,6
358652.0,186358.0,11
324121.0,96346.0,6
368060.0,76739.0,6
336845.0,172750.0,11
346717.0,178180.0,11
312275.0,145173.0,11
425563.0,163524.0,8
348177.0,179526.0,11
380609.0,185976.0,11
300294.0,178772.0,11
337343.0,156614.0,11
353991.0,193997.0,11
300021.0,159185.0,11
384591.0,137729.0,6
347039.0,195468.0,11
327204.0,152871.0,11
295311.0,115000.0,6
281548.0,175184.0,11
332470.0,161202.0,11
331381.0,162660.0,11
344364.0,213940.0,11
315333.0,144566.0,6
319155.0,159850.0,11
355168.0,114823.0,6
354132.0,161850.0,11
325344.0,159885.0,11
359520.0,132845.0,6
340066.0,152500.0,11
287127.0,192494.0,11
279251.0,184486.0,11
318215.0,180010.0,11
308555.0,134011.0,6
319829.0,168353.0,11
327608.0,177638.0,11
348815.0,150017.0,11
293350.0,175997.0,11
357923.0,192120.0,11
144570.0,573936.0,19
173576.0,507309.0,19
179189.0,536028.0,4
155899.0,561715.0,19
147885.0,527813.0,19
58190.0,608304.0,12
145251.0,553486.0,19
144242.0,557674.0,19
220156.0,589643.0,4
156003.0,502860.0,19
148510.0,579793.0,19
141641.0,557376.0,19
117212.0,565692.0,12
139033.0,593287.0,12
172882.0,571145.0,4
137740.0,618961.0,12
158060.0,525533.0,19
134449.0,557556.0,19
95899.0,530846.0,19
166597.0,572855.0,4
166840.0,562425.0,4
117089.0,561455.0,12
135284.0,555664.0,19
158773.0,588778.0,4
257984.0,555707.0,4
173847.0,514665.0,19
107965.0,535173.0,19
116492.0,509399.0,19
143226.0,522375.0,19
113321.0,606322.0,12
139847.0,552015.0,19
130657.0,555545.0,19
154268.0,542573.0,19
197367.0,535989.0,4
166560.0,559687.0,4
127940.0,590467.0,12
211584.0,591058.0,4
130201.0,562734.0,19
137316.0,562151.0,19
143363.0,551365.0,19
134261.0,519275.0,19
129997.0,568115.0,19
170494.0,560892.0,4
164453.0,544085.0,19
128788.0,546091.0,19
88703.0,577217.0,12
130582.0,565948.0,19
241485.0,523039.0,4
179931.0,536588.0,4
105353.0,589239.0,12
76661.0,531044.0,12
98525.0,579761.0,12
120357.0,560737.0,19
34795.0,606311.0,12
507786.0,199578.0,10
461701.0,188438.0,10
500225.0,177559.0,10
484348.0,202813.0,10
490271.0,216725.0,10
506288.0,177990.0,10
510496.0,174308.0,10
522728.0,184704.0,10
576965.0,187481.0,10
515230.0,149567.0,10
523036.0,123677.0,8
497406.0,125809.0,8
509773.0,148899.0,8
494698.0,176711.0,10
520845.0,176291.0,10
509951.0,176794.0,10
520819.0,181586.0,10
496006.0,191010.0,10
535034.0,172649.0,10
529858.0,213114.0,10
521006.0,163218.0,10
483423.0,111797.0,8
520763.0,250478.0,10
528679.0,199079.0,10
545699.0,174099.0,10
456821.0,105575.0,8
495388.0,156422.0,8
472054.0,129986.0,8
563315.0,215613.0,10
518892.0,165875.0,10
493897.0,189627.0,10
514408.0,173338.0,10
541220.0,177840.0,10
545455.0,182232.0,10
541498.0,192746.0,10
490355.0,153464.0,8
566524.0,179796.0,10
550216.0,184337.0,10
516085.0,195504.0,10
506361.0,225237.0,10
508080.0,175697.0,10
559809.0,162597.0,10
504243.0,237336.0,10
483776.0,213021.0,10
500801.0,185558.0,10
481841.0,209337.0,10
473933.0,191767.0,10
453261.0,148432.0,8
491792.0,214464.0,10
515348.0,184750.0,10
558478.0,213316.0,10
537514.0,179689.0,10
444610.0,400247.0,1
393825.0,453067.0,1
383832.0,340506.0,1
417231.0,381303.0,1
351352.0,362910.0,1
354094.0,424230.0,1
395013.0,387179.0,1
396520.0,405610.0,1
373684.0,418326.0,1
468350.0,395883.0,1
383197.0,409869.0,1
367922.0,415238.0,1
422056.0,382193.0,1
343651.0,438750.0,1
399077.0,403968.0,1
402071.0,427626.0,1
372230.0,412488.0,1
392447.0,408539.0,1
444816.0,409502.0,1
415222.0,434798.0,1
407188.0,396576.0,1
380139.0,434251.0,1
342501.0,336320.0,1
401923.0,417123.0,1
416110.0,374296.0,1
442931.0,430123.0,1
393758.0,439738.0,1
427749.0,457110.0,1
395450.0,407822.0,1
407576.0,434017.0,1
391966.0,387214.0,1
467535.0,416014.0,1
398724.0,404179.0,1
399346.0,423786.0,1
460198.0,402706.0,1
408500.0,393942.0,1
439048.0,403700.0,1
410601.0,410653.0,1
396556.0,406492.0,1
402081.0,407514.0,1
418140.0,415328.0,1
415933.0,422485.0,1
402031.0,426039.0,1
371548.0,414612.0,1
399717.0,403257.0,1
377870.0,377550.0,1
376145.0,414107.0,1
391530.0,398743.0,1
409291.0,431539.0,1
399693.0,395271.0,1
437870.0,375761.0,1
377215.0,418429.0,1
387165.0,404027.0,1
906640.0,587296.0,9
906396.0,535803.0,9
817776.0,525600.0,9
848976.0,558706.0,9
857126.0,548151.0,9
904450.0,533427.0,9
839088.0,528460.0,9
869369.0,536868.0,9
863042.0,557890.0,9
867533.0,542290.0,9
862002.0,534006.0,9
863859.0,546898.0,9
855045.0,547633.0,9
863102.0,545783.0,9
862534.0,547936.0,9
882403.0,534710.0,9
803216.0,577565.0,9
914183.0,620056.0,9
877510.0,555087.0,9
861656.0,545794.0,9
838239.0,576018.0,9
838978.0,622330.0,9
844948.0,563321.0,9
861966.0,562885.0,9
886773.0,509047.0,9
859679.0,541785.0,9
874312.0,574582.0,9
879902.0,518647.0,9
851462.0,526597.0,9
866044.0,584750.0,9
843715.0,568319.0,9
862785.0,579661.0,9
860721.0,547751.0,9
831024.0,505776.0,9
856167.0,542249.0,9
773292.0,531652.0,9
898916.0,630099.0,9
844627.0,556401.0,9
854342.0,541611.0,9
858278.0,544519.0,9
816840.0,539239.0,9
861927.0,562723.0,9
858325.0,586062.0,9
846841.0,533595.0,9
810817.0,509540.0,9
890613.0,567037.0,9
853279.0,560714.0,9
860375.0,544804.0,9
892877.0,544283.0,9
875311.0,542259.0,9
866352.0,535933.0,9
871981.0,649086.0,7
855983.0,534803.0,9
645563.0,819480.0,18
657184.0,855509.0,18
709303.0,897538.0,18
641840.0,886745.0,18
691716.0,873426.0,18
664639.0,925795.0,18
680381.0,823757.0,18
680261.0,863401.0,18
682100.0,853708.0,18
668567.0,856554.0,18
648590.0,917839.0,18
699124.0,824089.0,18
661357.0,801817.0,18
627452.0,835854.0,18
682510.0,905902.0,18
676220.0,858214.0,18
682241.0,850176.0,18
683656.0,842406.0,18
668772.0,858570.0,18
599612.0,859210.0,18
654937.0,781879.0,18
682699.0,851115.0,18
684739.0,884934.0,18
664260.0,859029.0,18
674659.0,860894.0,18
653592.0,959882.0,18
662898.0,884734.0,18
669427.0,846395.0,18
651576.0,865180.0,18
595580.0,798572.0,18
669366.0,869654.0,18
657879.0,857942.0,18
665828.0,868934.0,18
640000.0,863831.0,18
669430.0,905798.0,18
648443.0,845340.0,18
675551.0,956849.0,18
682481.0,879399.0,18
652233.0,886054.0,18
705929.0,851313.0,18
682315.0,843851.0,18
629377.0,853726.0,18
672797.0,843231.0,18
689363.0,817577.0,18
728743.0,850843.0,18
672387.0,800443.0,18
684091.0,842566.0,18
664159.0,550946.0,14
665845.0,557965.0,14
572029.0,518313.0,2
607214.0,575069.0,14
625579.0,551084.0,14
600582.0,599535.0,2
604168.0,555003.0,14
582176.0,630383.0,2
561574.0,621747.0,2
526559.0,509417.0,2
628696.0,542447.0,14
605850.0,533310.0,14
596179.0,529556.0,14
583653.0,652182.0,2
562920.0,559223.0,2
707100.0,601463.0,14
614917.0,600946.0,14
597077.0,568196.0,2
645464.0,660478.0,14
555429.0,604551.0,2
597620.0,586226.0,2
649088.0,575733.0,14
567188.0,560044.0,2
605876.0,550640.0,14
600679.0,599545.0,2
641031.0,593074.0,14
616060.0,590779.0,14
602873.0,527864.0,14
602167.0,543919.0,14
546640.0,560043.0,2
690968.0,555952.0,14
628264.0,616214.0,14
604090.0,574392.0,14
600665.0,638890.0,2
606587.0,573873.0,14
627727.0,578737.0,14
522993.0,595581.0,2
658281.0,582264.0,14
588964.0,597435.0,2
