618600.0,551446.0,7
582015.0,546191.0,7
604737.0,574591.0,7
627968.0,574625.0,7
603145.0,574795.0,7
671919.0,571761.0,7
627912.0,593892.0,7
591851.0,569051.0,7
601444.0,572693.0,7
661430.0,603567.0,7
562704.0,570596.0,7
605107.0,563429.0,7
568824.0,570203.0,7
560237.0,500154.0,7
638559.0,558807.0,7
631297.0,578351.0,7
605284.0,556134.0,7
603849.0,572396.0,7
598634.0,619900.0,7
604157.0,574191.0,7
620438.0,511694.0,7
600202.0,622079.0,7
515612.0,540643.0,7
593490.0,623110.0,7
607084.0,595500.0,7
583728.0,563146.0,7
616044.0,533807.0,7
624452.0,584622.0,7
604438.0,574666.0,7
625709.0,660145.0,7
601376.0,579831.0,7
612799.0,537497.0,7
575440.0,568511.0,7
605927.0,572533.0,7
647354.0,579190.0,7
680357.0,620811.0,7
604294.0,574368.0,7
611508.0,503220.0,7
603789.0,574474.0,7
551740.0,588768.0,7
569197.0,559307.0,7
606809.0,572101.0,7
588597.0,622592.0,7
613840.0,534167.0,7
601339.0,571609.0,7
593398.0,559764.0,7
593166.0,622725.0,7
712648.0,607541.0,1
660327.0,585901.0,7
604001.0,573587.0,7
538571.0,654649.0,7
586097.0,567445.0,7
599123.0,616977.0,7
617717.0,613939.0,7
618869.0,577243.0,7
636628.0,533309.0,7
604352.0,573425.0,7
596891.0,579476.0,7
604415.0,571400.0,7
593317.0,534085.0,7
657985.0,453405.0,7
601900.0,569391.0,7
639431.0,588155.0,7
568570.0,579335.0,7
667639.0,571164.0,7
596796.0,529933.0,7
606111.0,617846.0,7
571334.0,594145.0,7
605100.0,573307.0,7
585195.0,555011.0,7
651740.0,589474.0,7
589112.0,536573.0,7
582057.0,543124.0,7
577242.0,574073.0,7
631182.0,565466.0,7
695646.0,652231.0,6
567428.0,580005.0,7
634967.0,579020.0,7
614615.0,574437.0,7
594084.0,629464.0,7
601530.0,577183.0,7
603055.0,589818.0,7
616561.0,619007.0,7
611581.0,572630.0,7
579712.0,568354.0,7
602887.0,595245.0,7
605913.0,579526.0,7
610263.0,574422.0,7
624369.0,532153.0,7
599870.0,591110.0,7
658403.0,611332.0,7
610980.0,522819.0,7
569422.0,567790.0,7
540783.0,626497.0,7
637323.0,549567.0,7
638078.0,629421.0,7
647103.0,573853.0,7
533799.0,564377.0,7
649034.0,528813.0,7
622407.0,583192.0,7
597026.0,642918.0,7
546632.0,599204.0,7
672565.0,564468.0,7
636500.0,587401.0,7
696144.0,548705.0,7
533551.0,582247.0,7
526802.0,551524.0,7
696601.0,603624.0,7
663578.0,586265.0,7
628080.0,562986.0,7
597421.0,554767.0,7
595193.0,576508.0,7
658103.0,572250.0,7
606415.0,581386.0,7
641976.0,577433.0,7
589180.0,595099.0,7
580561.0,528916.0,7
621726.0,578003.0,7
541976.0,512639.0,7
593840.0,578685.0,7
602667.0,575857.0,7
631446.0,561156.0,7
593865.0,572987.0,7
668502.0,563937.0,7
814045.0,332998.0,5
779956.0,271501.0,5
797205.0,313318.0,5
783666.0,262902.0,5
806131.0,312752.0,5
830658.0,368694.0,5
801910.0,325434.0,5
808062.0,337340.0,5
789833.0,304422.0,5
800865.0,312968.0,5
802237.0,318526.0,5
780927.0,285057.0,5
809182.0,319115.0,5
820327.0,352701.0,5
801093.0,317509.0,5
805237.0,318655.0,5
801441.0,323812.0,5
797313.0,317527.0,5
790395.0,300024.0,5
797787.0,301470.0,5
804630.0,332333.0,5
802111.0,320817.0,5
819768.0,346596.0,5
800565.0,319364.0,5
814401.0,341234.0,5
776131.0,248465.0,5
809550.0,327365.0,5
795322.0,311178.0,5
830450.0,393096.0,5
802814.0,320130.0,5
823913.0,369439.0,5
803386.0,318982.0,5
798904.0,324420.0,5
807446.0,342555.0,5
804251.0,329956.0,5
803448.0,314797.0,5
826228.0,376658.0,5
808686.0,332209.0,5
798472.0,322218.0,5
795489.0,287279.0,5
802853.0,314938.0,5
801588.0,319814.0,5
807293.0,347456.0,5
817119.0,336333.0,5
797272.0,324228.0,5
795836.0,291870.0,5
798321.0,319665.0,5
800667.0,315995.0,5
795205.0,316433.0,5
782642.0,275308.0,5
787644.0,297715.0,5
800677.0,310656.0,5
800394.0,301473.0,5
795571.0,310093.0,5
814158.0,335578.0,5
811913.0,325091.0,5
775604.0,274485.0,5
826789.0,377676.0,5
814108.0,344096.0,5
807017.0,330432.0,5
817410.0,346944.0,5
803277.0,319525.0,5
833182.0,379714.0,5
798059.0,316113.0,5
769876.0,257669.0,5
791983.0,298565.0,5
801386.0,313545.0,5
810903.0,332925.0,5
838276.0,395673.0,5
777978.0,252419.0,5
820258.0,351165.0,5
810253.0,323873.0,5
802041.0,319504.0,5
804190.0,320706.0,5
840462.0,402858.0,5
804119.0,328544.0,5
803057.0,331037.0,5
803031.0,325811.0,5
800444.0,311497.0,5
803470.0,319069.0,5
811277.0,335577.0,5
813436.0,360446.0,5
838129.0,404012.0,5
764997.0,249477.0,5
800316.0,311699.0,5
802655.0,316263.0,5
801456.0,320080.0,5
840886.0,397888.0,5
829529.0,375007.0,5
833661.0,389733.0,5
794956.0,309980.0,5
809552.0,342258.0,5
811502.0,355939.0,5
803370.0,318247.0,5
804702.0,315881.0,5
813791.0,334609.0,5
812965.0,330224.0,5
826048.0,374236.0,5
798633.0,317300.0,5
802537.0,312497.0,5
805977.0,320805.0,5
824212.0,363776.0,5
798981.0,311092.0,5
797178.0,310439.0,5
796283.0,315582.0,5
801782.0,318281.0,5
803377.0,319212.0,5
803932.0,318781.0,5
793684.0,312065.0,5
821151.0,366545.0,5
801903.0,312794.0,5
782506.0,279930.0,5
794667.0,315069.0,5
798243.0,324160.0,5
818119.0,348676.0,5
810502.0,336169.0,5
793560.0,285392.0,5
801326.0,315779.0,5
808644.0,326320.0,5
813645.0,328765.0,5
811061.0,333595.0,5
783110.0,289805.0,5
800235.0,316652.0,5
805035.0,317469.0,5
801166.0,322298.0,5
810657.0,329468.0,5
801313.0,300606.0,5
800390.0,309948.0,5
801634.0,318965.0,5
799197.0,314215.0,5
801174.0,320442.0,5
788005.0,292268.0,5
801183.0,316191.0,5
434440.0,822866.0,4
369199.0,734895.0,4
369418.0,733394.0,4
378563.0,789670.0,4
414377.0,771258.0,4
352874.0,807952.0,4
429586.0,775621.0,4
457561.0,788245.0,4
415417.0,785827.0,4
452570.0,848127.0,4
405986.0,787439.0,4
437568.0,794323.0,4
469422.0,822619.0,4
397688.0,762902.0,4
418149.0,790096.0,4
407289.0,798870.0,4
446537.0,828924.0,4
442260.0,754050.0,4
407814.0,765816.0,4
377720.0,727349.0,4
408745.0,824896.0,4
395274.0,786698.0,4
412109.0,735920.0,4
376660.0,815936.0,4
508535.0,830710.0,4
418410.0,795929.0,4
408712.0,803987.0,4
417169.0,792321.0,4
370839.0,727884.0,4
402309.0,786873.0,4
416926.0,785113.0,4
416019.0,787562.0,4
447833.0,819282.0,4
399634.0,751940.0,4
412028.0,773494.0,4
344915.0,702496.0,4
407460.0,791404.0,4
426040.0,825049.0,4
407565.0,766203.0,4
414317.0,828815.0,4
410610.0,765111.0,4
406337.0,750353.0,4
416039.0,730594.0,4
398478.0,822297.0,4
472917.0,830363.0,4
329002.0,727685.0,4
418618.0,811618.0,4
425356.0,745471.0,4
470922.0,770669.0,4
412851.0,774986.0,4
400079.0,749617.0,4
430747.0,776261.0,4
429220.0,787348.0,4
427850.0,762201.0,4
434080.0,785264.0,4
473514.0,788780.0,4
430686.0,844506.0,4
422198.0,724557.0,4
392185.0,713763.0,4
399149.0,784376.0,4
527515.0,831478.0,4
430779.0,770145.0,4
413556.0,758080.0,4
398498.0,776720.0,4
473727.0,807244.0,4
456799.0,844976.0,4
444336.0,820061.0,4
403522.0,785432.0,4
403852.0,792473.0,4
448865.0,836781.0,4
457338.0,789952.0,4
396276.0,785999.0,4
402891.0,801910.0,4
460942.0,779073.0,4
385140.0,796221.0,4
430243.0,781020.0,4
416775.0,806826.0,4
415270.0,775605.0,4
472691.0,802678.0,4
471930.0,844046.0,4
411721.0,717873.0,4
439793.0,740773.0,4
467107.0,817914.0,4
387631.0,749416.0,4
417146.0,822655.0,4
345692.0,788190.0,4
414951.0,852935.0,4
409701.0,750741.0,4
459556.0,818479.0,4
423311.0,813081.0,4
476144.0,772131.0,4
391976.0,789416.0,4
448649.0,813885.0,4
496658.0,816784.0,4
439514.0,758221.0,4
424145.0,743433.0,4
396617.0,801039.0,4
394708.0,739061.0,4
394912.0,755947.0,4
441950.0,785934.0,4
409814.0,836083.0,4
395817.0,788858.0,4
422776.0,808328.0,4
349378.0,805118.0,4
484407.0,809641.0,4
403329.0,717870.0,4
392795.0,817694.0,4
489182.0,773934.0,4
427388.0,815258.0,4
749723.0,781756.0,6
828194.0,742074.0,6
800913.0,749332.0,6
810467.0,706465.0,6
803540.0,754792.0,6
832054.0,751330.0,6
786032.0,701427.0,6
857620.0,709386.0,1
776000.0,780347.0,6
824098.0,714042.0,6
828478.0,655405.0,1
784838.0,771499.0,6
854886.0,769396.0,6
818338.0,800932.0,6
861563.0,661642.0,1
839121.0,736259.0,6
841045.0,738224.0,6
862334.0,747768.0,6
846484.0,719360.0,6
826465.0,646980.0,1
814540.0,707227.0,6
816054.0,733183.0,6
789601.0,714058.0,6
827169.0,708345.0,6
848151.0,741869.0,6
801511.0,761094.0,6
873672.0,734440.0,6
814697.0,729209.0,6
832758.0,707452.0,6
848264.0,762550.0,6
799903.0,784535.0,6
824594.0,741664.0,6
839514.0,728923.0,6
827711.0,732798.0,6
819439.0,735945.0,6
850451.0,764015.0,6
811748.0,766105.0,6
817640.0,730018.0,6
777697.0,798253.0,6
868493.0,677155.0,1
805658.0,698630.0,6
840349.0,790707.0,6
817441.0,709397.0,6
805089.0,762512.0,6
796943.0,674692.0,1
827192.0,785316.0,6
818209.0,719382.0,6
822616.0,735941.0,6
823250.0,732088.0,6
862425.0,741010.0,6
800872.0,672603.0,1
825395.0,715780.0,6
848570.0,703697.0,1
850904.0,720163.0,6
816775.0,739989.0,6
815455.0,755486.0,6
835648.0,756631.0,6
825997.0,730652.0,6
817252.0,730254.0,6
791470.0,751113.0,6
841654.0,764836.0,6
804706.0,788001.0,6
829379.0,718721.0,6
837582.0,763266.0,6
838764.0,652792.0,1
828297.0,715480.0,6
819058.0,729125.0,6
817018.0,729596.0,6
797804.0,715342.0,6
829398.0,724900.0,6
754841.0,796342.0,6
821908.0,732077.0,6
823987.0,687499.0,1
787988.0,741203.0,6
839339.0,726322.0,6
822425.0,727248.0,6
840425.0,762290.0,6
817395.0,734126.0,6
807913.0,737341.0,6
822293.0,786837.0,6
795124.0,696429.0,6
815593.0,689874.0,1
817807.0,715863.0,6
837977.0,728814.0,6
801204.0,755177.0,6
876503.0,659112.0,1
823856.0,749355.0,6
818756.0,743887.0,6
811971.0,664520.0,1
801526.0,705057.0,6
827031.0,734324.0,6
782368.0,759352.0,6
769656.0,721159.0,6
807072.0,687932.0,1
750459.0,800215.0,6
823959.0,737866.0,6
801810.0,728106.0,6
820947.0,730529.0,6
768565.0,762193.0,6
821079.0,800206.0,6
781260.0,737962.0,6
819438.0,662327.0,1
822843.0,763117.0,6
865084.0,713697.0,1
820455.0,729132.0,6
849547.0,738979.0,6
823589.0,728083.0,6
803874.0,675499.0,1
830065.0,739162.0,6
852730.0,769968.0,6
811031.0,703822.0,6
825414.0,734466.0,6
786227.0,765634.0,6
757421.0,774445.0,6
822224.0,742716.0,6
821895.0,732158.0,6
860387.0,157731.0,5
863391.0,126214.0,5
905936.0,150106.0,5
818079.0,108536.0,5
844234.0,153197.0,5
862679.0,188399.0,5
888714.0,205560.0,5
851280.0,156049.0,5
840375.0,155757.0,5
840299.0,118907.0,5
864053.0,139325.0,5
856454.0,117143.0,5
864374.0,150149.0,5
858587.0,150101.0,5
870247.0,121460.0,5
850176.0,127908.0,5
828005.0,145089.0,5
849537.0,157510.0,5
829229.0,143653.0,5
871556.0,194747.0,5
865489.0,161762.0,5
846256.0,154064.0,5
894124.0,202052.0,5
848108.0,161786.0,5
861242.0,161722.0,5
885793.0,172115.0,5
877125.0,161227.0,5
883864.0,111281.0,5
891699.0,170415.0,5
840335.0,164912.0,5
858042.0,178196.0,5
846257.0,145306.0,5
857309.0,139276.0,5
912023.0,160368.0,5
842824.0,177832.0,5
821428.0,153468.0,5
827802.0,189078.0,5
847812.0,114745.0,5
830159.0,134329.0,5
850925.0,157811.0,5
780153.0,136449.0,5
852423.0,159874.0,5
883375.0,158482.0,5
850219.0,110573.0,5
858834.0,149259.0,5
882097.0,161493.0,5
787336.0,144875.0,5
843833.0,170416.0,5
850663.0,157840.0,5
812240.0,177846.0,5
850959.0,157920.0,5
854753.0,190254.0,5
895723.0,126593.0,5
857833.0,170565.0,5
871689.0,155981.0,5
864088.0,171351.0,5
902529.0,162041.0,5
854996.0,81095.0,5
821361.0,175823.0,5
810775.0,160434.0,5
844088.0,150085.0,5
830620.0,117906.0,5
835790.0,127898.0,5
858703.0,157931.0,5
857846.0,153281.0,5
876408.0,183646.0,5
842576.0,153072.0,5
834171.0,189042.0,5
869167.0,105039.0,5
846575.0,159002.0,5
895127.0,152283.0,5
792179.0,148539.0,5
852410.0,187705.0,5
853554.0,158012.0,5
878170.0,123364.0,5
866987.0,154415.0,5
846284.0,113820.0,5
856924.0,169071.0,5
851568.0,114049.0,5
868736.0,179354.0,5
800304.0,163436.0,5
823740.0,169808.0,5
883929.0,121705.0,5
851010.0,157593.0,5
850533.0,160136.0,5
913298.0,162009.0,5
923120.0,170161.0,5
835702.0,176502.0,5
855852.0,134834.0,5
924289.0,171369.0,5
836739.0,162321.0,5
854463.0,159977.0,5
848135.0,130674.0,5
786528.0,104976.0,5
834036.0,144156.0,5
846720.0,162060.0,5
849003.0,115373.0,5
856753.0,145184.0,5
839757.0,190518.0,5
865113.0,161302.0,5
818668.0,120458.0,5
889142.0,154467.0,5
850787.0,125678.0,5
859298.0,139834.0,5
829216.0,121494.0,5
851919.0,127963.0,5
841353.0,125628.0,5
855969.0,193497.0,5
852104.0,134678.0,5
850945.0,161669.0,5
885764.0,151791.0,5
814553.0,164190.0,5
864211.0,216526.0,5
791199.0,164843.0,5
843905.0,219401.0,5
838146.0,159541.0,5
349296.0,557688.0,8
321312.0,574721.0,8
410917.0,614521.0,8
283570.0,563726.0,8
317331.0,556086.0,8
335792.0,541310.0,8
366794.0,582584.0,8
339981.0,565418.0,8
328438.0,532686.0,8
339115.0,566863.0,8
333299.0,597586.0,8
366934.0,581294.0,8
337002.0,589527.0,8
327738.0,559624.0,8
297110.0,556485.0,8
413894.0,564459.0,8
340545.0,568654.0,8
318065.0,581616.0,8
367751.0,578289.0,8
331667.0,570387.0,8
339993.0,544064.0,8
352220.0,602793.0,8
333934.0,537464.0,8
303637.0,570253.0,8
353145.0,580916.0,8
325118.0,556212.0,8
373894.0,555347.0,8
357813.0,572855.0,8
304157.0,566007.0,8
331175.0,551842.0,8
322209.0,547247.0,8
375619.0,553791.0,8
288068.0,561932.0,8
284031.0,566654.0,8
342963.0,582232.0,8
328331.0,541094.0,8
357737.0,597104.0,8
392534.0,593343.0,8
343376.0,575709.0,8
361370.0,552483.0,8
368617.0,554066.0,8
331795.0,529654.0,8
344237.0,573700.0,8
328657.0,564864.0,8
333669.0,542228.0,8
320628.0,564596.0,8
316642.0,553340.0,8
340712.0,563178.0,8
297022.0,574097.0,8
319927.0,524637.0,8
359772.0,568428.0,8
341721.0,576427.0,8
386373.0,606623.0,8
338588.0,543875.0,8
341578.0,558672.0,8
330482.0,571217.0,8
225786.0,529417.0,10
365567.0,547606.0,8
320827.0,519618.0,8
286990.0,529505.0,8
411796.0,581307.0,8
344239.0,530765.0,8
321309.0,569996.0,8
363304.0,553764.0,8
304556.0,568584.0,8
313649.0,523765.0,8
351459.0,565704.0,8
412767.0,593558.0,8
283474.0,532727.0,8
366478.0,594677.0,8
331616.0,565089.0,8
331366.0,567311.0,8
281979.0,518199.0,8
338474.0,564151.0,8
318681.0,528806.0,8
310041.0,533285.0,8
330767.0,552963.0,8
312558.0,520650.0,8
315850.0,573154.0,8
341925.0,569393.0,8
335999.0,549795.0,8
332586.0,566187.0,8
340970.0,564831.0,8
352424.0,557574.0,8
279008.0,521035.0,8
327973.0,534972.0,8
385091.0,599401.0,8
332884.0,533990.0,8
289002.0,520678.0,8
324516.0,522674.0,8
364844.0,571623.0,8
275524.0,559548.0,8
308966.0,523409.0,8
316313.0,570785.0,8
341446.0,538787.0,8
347522.0,587567.0,8
336336.0,563145.0,8
321216.0,569834.0,8
341016.0,545280.0,8
324952.0,565867.0,8
353583.0,554147.0,8
292636.0,520371.0,8
337173.0,557853.0,8
333378.0,557892.0,8
344437.0,529492.0,8
367641.0,556309.0,8
355924.0,577596.0,8
292932.0,558293.0,8
306346.0,523584.0,8
341966.0,586266.0,8
326251.0,549298.0,8
335201.0,585318.0,8
351564.0,573155.0,8
322365.0,530808.0,8
221233.0,538472.0,10
338084.0,560295.0,8
345123.0,577788.0,8
409616.0,575024.0,8
365058.0,545456.0,8
344096.0,575522.0,8
182618.0,346663.0,10
186536.0,330019.0,10
174057.0,358906.0,10
215243.0,289985.0,10
170688.0,343596.0,10
165689.0,356983.0,10
168443.0,367928.0,10
165158.0,343946.0,10
175781.0,341039.0,10
233480.0,289069.0,10
189029.0,366740.0,10
192775.0,350028.0,10
134695.0,350397.0,10
198908.0,372797.0,10
186380.0,363938.0,10
224225.0,376975.0,10
178869.0,370161.0,10
164354.0,347671.0,10
145867.0,363616.0,10
164915.0,350360.0,10
174064.0,357989.0,10
179609.0,408365.0,10
176506.0,351827.0,10
172879.0,347028.0,10
146070.0,316860.0,10
152957.0,321354.0,10
162040.0,316797.0,10
140612.0,350010.0,10
146072.0,288800.0,10
169293.0,348686.0,10
117585.0,391892.0,10
163981.0,344090.0,10
141113.0,351050.0,10
140876.0,334435.0,10
159496.0,331641.0,10
167262.0,399527.0,10
185561.0,342784.0,10
157394.0,346500.0,10
129664.0,341196.0,10
173188.0,355248.0,10
185696.0,338006.0,10
102221.0,374657.0,10
164875.0,349007.0,10
159120.0,340829.0,10
179811.0,342089.0,10
186503.0,369651.0,10
200251.0,306215.0,10
165657.0,338722.0,10
213022.0,338238.0,10
175586.0,365049.0,10
171074.0,293610.0,10
165886.0,348709.0,10
186082.0,330058.0,10
142899.0,329415.0,10
187324.0,377187.0,10
158550.0,354818.0,10
174672.0,345849.0,10
187854.0,354777.0,10
176490.0,344679.0,10
81648.0,360080.0,10
153607.0,379395.0,10
105444.0,361358.0,10
177579.0,319865.0,10
198892.0,322470.0,10
166654.0,350678.0,10
189102.0,333074.0,10
144306.0,328086.0,10
168886.0,353913.0,10
130805.0,354417.0,10
176433.0,350561.0,10
142252.0,329183.0,10
129453.0,321221.0,10
144705.0,375936.0,10
189499.0,356601.0,10
183516.0,374212.0,10
149269.0,341445.0,10
174438.0,319075.0,10
107124.0,325984.0,10
159302.0,337993.0,10
140101.0,341028.0,10
168149.0,345638.0,10
150009.0,371014.0,10
151164.0,332239.0,10
168067.0,340249.0,10
170102.0,323164.0,10
124132.0,340448.0,10
149863.0,284721.0,10
169228.0,364545.0,10
183610.0,321788.0,10
159472.0,372246.0,10
166973.0,334724.0,10
161448.0,373412.0,10
125715.0,302114.0,10
167653.0,352074.0,10
125902.0,318850.0,10
171986.0,429306.0,10
157181.0,346842.0,10
188909.0,341194.0,10
117874.0,389929.0,10
98533.0,355691.0,10
122986.0,334382.0,10
168284.0,309036.0,10
160922.0,347681.0,10
147911.0,328024.0,10
177858.0,352255.0,10
113068.0,317574.0,10
171277.0,361020.0,10
190725.0,336160.0,10
169994.0,409806.0,10
172662.0,388185.0,10
160206.0,303063.0,10
155690.0,368375.0,10
179326.0,321160.0,10
155508.0,372355.0,10
166799.0,318482.0,10
179483.0,359645.0,10
213951.0,352868.0,10
214966.0,358837.0,10
219779.0,330969.0,10
169876.0,340860.0,10
613682.0,399434.0,7
629247.0,364078.0,7
609532.0,388425.0,7
629369.0,398359.0,7
607905.0,403460.0,7
608711.0,373665.0,7
623498.0,399288.0,7
574989.0,407228.0,7
687717.0,379483.0,7
620240.0,397022.0,7
559877.0,401053.0,7
617755.0,401065.0,7
693265.0,388552.0,7
559933.0,403956.0,7
595215.0,391491.0,7
617493.0,379303.0,7
601644.0,436831.0,7
617118.0,374098.0,7
616468.0,394118.0,7
630384.0,376295.0,7
637332.0,414017.0,7
650054.0,432740.0,7
595063.0,328609.0,7
608309.0,377530.0,7
658219.0,436184.0,7
632390.0,363198.0,7
575116.0,345564.0,7
625784.0,441883.0,7
618893.0,419740.0,7
623248.0,399928.0,7
609219.0,362804.0,7
537211.0,376777.0,9
613037.0,419086.0,7
617444.0,397675.0,7
592620.0,446156.0,7
631633.0,337973.0,7
629789.0,426313.0,7
608687.0,374928.0,7
680646.0,375662.0,7
591831.0,438997.0,7
550086.0,442382.0,7
617178.0,414525.0,7
599766.0,409755.0,7
584077.0,398498.0,7
626700.0,401688.0,7
611954.0,360938.0,7
613536.0,395801.0,7
576488.0,397913.0,7
610026.0,444858.0,7
629725.0,405117.0,7
638823.0,411764.0,7
617764.0,397102.0,7
610698.0,396326.0,7
642607.0,374702.0,7
608923.0,385575.0,7
619339.0,401624.0,7
619295.0,397643.0,7
615934.0,426539.0,7
673514.0,390760.0,7
657120.0,386782.0,7
675858.0,410545.0,7
626586.0,415166.0,7
638783.0,399478.0,7
578113.0,395458.0,7
622557.0,361134.0,7
666135.0,430421.0,7
634383.0,422065.0,7
613351.0,407952.0,7
623989.0,368662.0,7
687638.0,439257.0,7
619318.0,361696.0,7
588432.0,446279.0,7
592924.0,393730.0,7
615325.0,383841.0,7
620818.0,396967.0,7
660333.0,393215.0,7
618391.0,348381.0,7
565829.0,395454.0,7
620610.0,395343.0,7
617319.0,374666.0,7
630205.0,338054.0,7
618349.0,397614.0,7
630706.0,388370.0,7
621537.0,390372.0,7
618406.0,404239.0,7
700340.0,335010.0,5
608182.0,416637.0,7
620939.0,385731.0,7
626371.0,349696.0,7
617954.0,395504.0,7
621241.0,368090.0,7
581240.0,362971.0,7
617447.0,366176.0,7
685785.0,409913.0,7
668879.0,388617.0,7
608601.0,418450.0,7
577773.0,434308.0,7
620955.0,389692.0,7
571692.0,449353.0,7
658735.0,399039.0,7
618869.0,398187.0,7
639507.0,438534.0,7
594112.0,399331.0,7
610199.0,394579.0,7
621560.0,397789.0,7
608195.0,447380.0,7
650120.0,324477.0,7
571043.0,347389.0,7
659191.0,459637.0,7
629978.0,400626.0,7
630067.0,372798.0,7
600007.0,377908.0,7
639613.0,388524.0,7
669409.0,415893.0,7
629000.0,417990.0,7
605407.0,427914.0,7
610722.0,418243.0,7
615649.0,429323.0,7
219686.0,859997.0,2
298214.0,820903.0,2
286769.0,862152.0,2
276635.0,875623.0,2
230399.0,842538.0,2
209922.0,850026.0,2
300726.0,862728.0,2
222727.0,770963.0,2
291561.0,845450.0,2
221122.0,832810.0,2
194258.0,914691.0,2
264627.0,808661.0,2
225916.0,843329.0,2
240221.0,843932.0,2
285258.0,848668.0,2
237120.0,856814.0,2
234604.0,822462.0,2
235901.0,856563.0,2
207217.0,878249.0,2
189752.0,865463.0,2
188480.0,870646.0,2
305915.0,854818.0,2
257926.0,936947.0,2
273165.0,852766.0,2
256487.0,868899.0,2
268289.0,878265.0,2
295375.0,861990.0,2
298979.0,774144.0,2
249857.0,844975.0,2
252586.0,806474.0,2
283017.0,850861.0,2
266980.0,825990.0,2
294326.0,807584.0,2
299821.0,866288.0,2
240308.0,844341.0,2
220620.0,819091.0,2
268926.0,813783.0,2
240171.0,843940.0,2
191257.0,802651.0,2
264798.0,767716.0,2
232246.0,844226.0,2
237757.0,834092.0,2
243331.0,844022.0,2
229857.0,843917.0,2
224083.0,852922.0,2
309399.0,838744.0,2
256073.0,917590.0,2
241687.0,844256.0,2
282603.0,846165.0,2
228032.0,893055.0,2
236274.0,861302.0,2
261819.0,863523.0,2
200005.0,825237.0,2
310591.0,841778.0,2
236495.0,861569.0,2
256889.0,880721.0,2
222445.0,891438.0,2
236207.0,886769.0,2
241545.0,838673.0,2
266111.0,813259.0,2
219316.0,898830.0,2
251866.0,864044.0,2
220884.0,916718.0,2
288954.0,846991.0,2
238084.0,844799.0,2
299772.0,828655.0,2
241633.0,846949.0,2
232331.0,872896.0,2
264293.0,890923.0,2
224288.0,931476.0,2
297183.0,841456.0,2
308616.0,811021.0,2
289719.0,866638.0,2
240645.0,855514.0,2
229567.0,855332.0,2
244618.0,845420.0,2
213775.0,841758.0,2
267478.0,894783.0,2
236987.0,881080.0,2
181803.0,799487.0,2
222019.0,839774.0,2
238328.0,770068.0,2
238714.0,858826.0,2
134134.0,842630.0,2
221126.0,837878.0,2
264565.0,859237.0,2
198583.0,860431.0,2
215976.0,836025.0,2
292194.0,906490.0,2
243951.0,865415.0,2
245740.0,814541.0,2
317675.0,838127.0,2
221706.0,875060.0,2
236740.0,853169.0,2
298800.0,824277.0,2
247484.0,846372.0,2
288675.0,919879.0,2
240028.0,849354.0,2
212009.0,864463.0,2
246857.0,852483.0,2
241475.0,850889.0,2
257134.0,845851.0,2
187314.0,815820.0,2
329428.0,66056.0,3
253129.0,154296.0,3
319838.0,170383.0,3
376613.0,159699.0,3
338717.0,181582.0,3
304283.0,183656.0,3
314519.0,146787.0,3
321775.0,164846.0,3
294832.0,124284.0,3
295537.0,91032.0,3
383044.0,180418.0,3
316263.0,163806.0,3
277860.0,111893.0,3
333789.0,151168.0,3
321822.0,187102.0,3
383052.0,89061.0,3
300672.0,175844.0,3
319208.0,164182.0,3
332284.0,194186.0,3
344482.0,215846.0,3
330533.0,214555.0,3
292193.0,125417.0,3
234837.0,151054.0,3
347050.0,150472.0,3
347406.0,155708.0,3
318738.0,182134.0,3
311819.0,140674.0,3
332032.0,157725.0,3
301983.0,173386.0,3
315830.0,102777.0,3
345976.0,148333.0,3
320210.0,191459.0,3
264427.0,188193.0,3
320718.0,158610.0,3
345234.0,188822.0,3
315963.0,174031.0,3
334812.0,137431.0,3
347492.0,153416.0,3
274321.0,219665.0,3
335476.0,183897.0,3
366146.0,196571.0,3
350480.0,214608.0,3
328851.0,147002.0,3
271123.0,163465.0,3
332307.0,189590.0,3
380281.0,205779.0,3
348191.0,165419.0,3
305292.0,175260.0,3
358562.0,112650.0,3
355499.0,224982.0,3
246753.0,175170.0,3
371685.0,151612.0,3
239495.0,163949.0,3
260930.0,184935.0,3
307616.0,207295.0,3
372883.0,222824.0,3
318707.0,160697.0,3
270233.0,195701.0,3
433100.0,134861.0,3
311433.0,134432.0,3
315146.0,160782.0,3
311163.0,166821.0,3
383894.0,179880.0,3
341137.0,78287.0,3
317771.0,154916.0,3
342066.0,119083.0,3
281732.0,221764.0,3
321262.0,178491.0,3
247892.0,115217.0,3
333942.0,143344.0,3
290958.0,168323.0,3
297731.0,175876.0,3
280274.0,182662.0,3
270201.0,236813.0,3
446538.0,180119.0,3
258201.0,153095.0,3
353951.0,133923.0,3
367079.0,183232.0,3
363932.0,228249.0,3
323905.0,168029.0,3
381617.0,157000.0,3
415495.0,116126.0,3
271424.0,251323.0,3
327734.0,163585.0,3
346079.0,220993.0,3
276741.0,143844.0,3
310386.0,171068.0,3
270404.0,183080.0,3
324966.0,170021.0,3
306421.0,145493.0,3
382419.0,110392.0,3
318192.0,170844.0,3
320821.0,165455.0,3
329029.0,204399.0,3
311065.0,219934.0,3
369490.0,164369.0,3
282957.0,179982.0,3
327927.0,168535.0,3
327022.0,161396.0,3
248427.0,146381.0,3
306042.0,66361.0,3
248779.0,111087.0,3
313783.0,177198.0,3
296164.0,96874.0,3
290700.0,196285.0,3
328423.0,161604.0,3
333883.0,276840.0,3
306357.0,123397.0,3
267212.0,158699.0,3
335235.0,180161.0,3
333937.0,51121.0,3
328775.0,156501.0,3
293201.0,192871.0,3
312227.0,159417.0,3
324337.0,162686.0,3
323329.0,93955.0,3
267264.0,153034.0,3
312421.0,170617.0,3
244344.0,185382.0,3
252845.0,181181.0,3
382720.0,263255.0,3
326040.0,156509.0,3
132705.0,557674.0,10
114311.0,601605.0,10
97216.0,564094.0,10
101553.0,517715.0,10
133023.0,574572.0,10
136531.0,557658.0,10
156430.0,615117.0,10
137451.0,555339.0,10
166290.0,521714.0,10
210499.0,526471.0,10
136301.0,569544.0,10
139212.0,557713.0,10
84501.0,604671.0,10
105945.0,528795.0,10
138449.0,555969.0,10
139460.0,557260.0,10
151701.0,574146.0,10
142668.0,544976.0,10
192564.0,547558.0,10
182840.0,584262.0,10
135849.0,550612.0,10
101427.0,615890.0,10
143265.0,548387.0,10
137347.0,622867.0,10
139146.0,569516.0,10
202547.0,601240.0,8
113259.0,568684.0,10
177246.0,571940.0,10
107972.0,601191.0,10
138965.0,558201.0,10
171471.0,576787.0,10
136078.0,547418.0,10
140164.0,531093.0,10
67867.0,545392.0,10
149906.0,546909.0,10
115287.0,602637.0,10
206561.0,574789.0,8
127373.0,549518.0,10
141699.0,530028.0,10
137516.0,556818.0,10
179793.0,483378.0,10
140717.0,554093.0,10
153185.0,562792.0,10
147599.0,513563.0,10
143879.0,536650.0,10
138734.0,557713.0,10
260096.0,530550.0,8
121650.0,599844.0,10
188992.0,563992.0,10
179830.0,547383.0,10
112184.0,530469.0,10
166904.0,503121.0,10
117959.0,536156.0,10
140706.0,547367.0,10
138012.0,558263.0,10
142663.0,556520.0,10
119237.0,591137.0,10
186380.0,487625.0,10
113099.0,546732.0,10
176278.0,550602.0,10
149758.0,564768.0,10
151374.0,538387.0,10
155430.0,549012.0,10
172756.0,612694.0,10
169322.0,577938.0,10
110877.0,562558.0,10
259173.0,548593.0,8
103153.0,601002.0,10
116860.0,550810.0,10
179834.0,541387.0,10
131532.0,536658.0,10
123905.0,508486.0,10
201753.0,569116.0,10
110479.0,594587.0,10
161475.0,587507.0,10
158596.0,562634.0,10
137172.0,523482.0,10
86243.0,559135.0,10
127964.0,538935.0,10
122130.0,568886.0,10
167716.0,562762.0,10
87236.0,607429.0,10
139911.0,561185.0,10
146183.0,622188.0,10
146678.0,558942.0,10
136569.0,532130.0,10
177665.0,557923.0,10
64979.0,538104.0,10
94061.0,576129.0,10
79285.0,554817.0,10
103192.0,550021.0,10
220224.0,592068.0,8
143912.0,595772.0,10
80673.0,566893.0,10
94249.0,600812.0,10
98675.0,580608.0,10
95074.0,570002.0,10
125548.0,552424.0,10
118391.0,553625.0,10
122296.0,566921.0,10
48143.0,523870.0,10
104489.0,542515.0,10
144401.0,565666.0,10
107160.0,530936.0,10
119496.0,543146.0,10
142575.0,517378.0,10
154964.0,554923.0,10
163925.0,576666.0,10
138349.0,554238.0,10
202175.0,495076.0,10
163477.0,561507.0,10
119535.0,551857.0,10
114108.0,540537.0,10
136059.0,558213.0,10
233105.0,591646.0,8
495165.0,163113.0,3
541435.0,206637.0,3
506069.0,169723.0,3
505044.0,180646.0,3
543616.0,144788.0,3
509804.0,175714.0,3
416763.0,96639.0,3
500589.0,181466.0,3
553118.0,165472.0,3
502511.0,205121.0,3
514551.0,176526.0,3
521152.0,152439.0,3
509928.0,184873.0,3
507895.0,177445.0,3
454160.0,102568.0,3
519003.0,160741.0,3
509173.0,178051.0,3
507674.0,147431.0,3
473361.0,185066.0,3
504755.0,150226.0,3
474135.0,199330.0,3
490956.0,124550.0,3
499637.0,194036.0,3
515856.0,148316.0,3
482568.0,159010.0,3
469470.0,189347.0,3
514173.0,139330.0,3
505117.0,141877.0,3
501334.0,163002.0,3
512241.0,169240.0,3
491382.0,122267.0,3
535453.0,200970.0,3
496130.0,178113.0,3
528826.0,154067.0,3
508789.0,174256.0,3
502302.0,210265.0,3
516084.0,178725.0,3
575022.0,213534.0,3
508797.0,176269.0,3
485361.0,169229.0,3
474641.0,81263.0,3
434581.0,123267.0,3
514876.0,182995.0,3
512900.0,219252.0,3
510739.0,121103.0,3
505603.0,147517.0,3
482628.0,171320.0,3
541790.0,172616.0,3
473649.0,178184.0,3
514934.0,219169.0,3
500474.0,169746.0,3
488800.0,197919.0,3
561725.0,168220.0,3
514428.0,222503.0,3
519421.0,154681.0,3
513957.0,139202.0,3
533351.0,147778.0,3
511030.0,221292.0,3
497254.0,171940.0,3
507741.0,178883.0,3
462658.0,75167.0,3
521032.0,177084.0,3
485968.0,123023.0,3
478442.0,125560.0,3
497211.0,174121.0,3
491442.0,116195.0,3
473202.0,140745.0,3
520759.0,184923.0,3
507832.0,181513.0,3
514391.0,156592.0,3
477746.0,163845.0,3
497255.0,188783.0,3
545240.0,221008.0,3
524397.0,239456.0,3
481356.0,162127.0,3
494574.0,198972.0,3
477901.0,173288.0,3
509223.0,177592.0,3
445043.0,152257.0,3
514622.0,206979.0,3
479631.0,178459.0,3
496476.0,140337.0,3
498389.0,178069.0,3
529409.0,157228.0,3
501111.0,157402.0,3
589900.0,217899.0,3
519962.0,175210.0,3
502877.0,192740.0,3
520782.0,134308.0,3
515494.0,188459.0,3
484395.0,107291.0,3
502002.0,166223.0,3
521153.0,242968.0,3
487952.0,168607.0,3
460133.0,173081.0,3
497815.0,165151.0,3
464634.0,173867.0,3
518675.0,175686.0,3
533566.0,214619.0,3
517882.0,175467.0,3
549642.0,157506.0,3
506815.0,173387.0,3
417996.0,408162.0,9
388202.0,405780.0,9
410506.0,395586.0,9
449683.0,388863.0,9
412111.0,418466.0,9
383075.0,447616.0,9
402227.0,414685.0,9
442915.0,420573.0,9
420792.0,430901.0,9
397791.0,444527.0,9
384572.0,388523.0,9
414997.0,432597.0,9
396150.0,430329.0,9
424228.0,442208.0,9
402677.0,412615.0,9
354601.0,358760.0,9
410682.0,349328.0,9
392258.0,405478.0,9
353941.0,399967.0,9
397158.0,370362.0,9
352429.0,359750.0,9
387039.0,365758.0,9
394436.0,450912.0,9
376444.0,371957.0,9
426625.0,475977.0,9
374797.0,407601.0,9
451670.0,388347.0,9
392428.0,402295.0,9
383022.0,409854.0,9
381340.0,409680.0,9
415521.0,368125.0,9
422261.0,374345.0,9
392728.0,411341.0,9
401330.0,395538.0,9
399188.0,402459.0,9
389510.0,370897.0,9
405902.0,394724.0,9
338347.0,337961.0,9
375233.0,399429.0,9
397764.0,406712.0,9
414290.0,393146.0,9
416893.0,347737.0,9
397851.0,400846.0,9
447192.0,359893.0,9
402566.0,415798.0,9
362753.0,369848.0,9
409167.0,449719.0,9
398617.0,402424.0,9
408714.0,391412.0,9
403751.0,385539.0,9
373943.0,376926.0,9
401162.0,412142.0,9
478361.0,409520.0,9
357466.0,354094.0,9
417617.0,414816.0,9
470047.0,410943.0,9
378824.0,430343.0,9
369227.0,397853.0,9
397331.0,407010.0,9
401708.0,409924.0,9
409823.0,412908.0,9
397735.0,448097.0,9
394761.0,461494.0,9
357253.0,388075.0,9
415233.0,441297.0,9
404445.0,402466.0,9
408224.0,399767.0,9
416750.0,435776.0,9
387103.0,401925.0,9
368200.0,364844.0,9
432184.0,395118.0,9
322936.0,368566.0,9
402710.0,424367.0,9
348263.0,386451.0,9
380236.0,460907.0,9
398795.0,472619.0,9
423371.0,373970.0,9
429515.0,393708.0,9
408147.0,436628.0,9
436362.0,379677.0,9
370252.0,347498.0,9
418046.0,358461.0,9
406739.0,400918.0,9
392424.0,375266.0,9
391970.0,419802.0,9
389279.0,424006.0,9
468907.0,448885.0,9
375971.0,427549.0,9
414374.0,439977.0,9
368363.0,409733.0,9
381863.0,416651.0,9
391384.0,413273.0,9
365223.0,422531.0,9
382396.0,405483.0,9
411674.0,402377.0,9
424365.0,371987.0,9
361875.0,448199.0,9
333682.0,401078.0,9
397889.0,398501.0,9
417494.0,392231.0,9
376493.0,366302.0,9
460684.0,371809.0,9
449571.0,387141.0,9
477323.0,384551.0,9
359740.0,379592.0,9
429653.0,438596.0,9
361814.0,411086.0,9
410418.0,409414.0,9
392162.0,355397.0,9
408182.0,408351.0,9
411090.0,435389.0,9
312123.0,419763.0,9
411053.0,432808.0,9
367864.0,442851.0,9
854654.0,549222.0,1
870826.0,524625.0,1
868025.0,569296.0,1
887896.0,558572.0,1
844066.0,546029.0,1
897131.0,604582.0,1
845120.0,549830.0,1
841130.0,529745.0,1
887556.0,531797.0,1
793791.0,581315.0,1
879722.0,550246.0,1
871873.0,509094.0,1
900991.0,497149.0,1
852918.0,552112.0,1
903840.0,586229.0,1
844617.0,499013.0,1
883981.0,607581.0,1
864265.0,549505.0,1
895565.0,501871.0,1
873791.0,606643.0,1
841843.0,503359.0,1
842719.0,506205.0,1
850607.0,565348.0,1
838367.0,536676.0,1
808555.0,600511.0,1
832010.0,554080.0,1
865030.0,541150.0,1
873136.0,513309.0,1
875640.0,561262.0,1
849501.0,552769.0,1
866973.0,550375.0,1
906382.0,534459.0,1
865081.0,551012.0,1
867801.0,548156.0,1
846324.0,557586.0,1
833499.0,504718.0,1
854979.0,539793.0,1
838036.0,542999.0,1
850790.0,525740.0,1
869818.0,543227.0,1
860151.0,543055.0,1
853093.0,586321.0,1
842903.0,567914.0,1
819843.0,570485.0,1
875625.0,599766.0,1
887780.0,536497.0,1
849858.0,524682.0,1
843111.0,581603.0,1
898736.0,548642.0,1
915504.0,527751.0,1
837880.0,444574.0,1
827672.0,545966.0,1
869960.0,562146.0,1
877440.0,529137.0,1
821835.0,564313.0,1
878696.0,530134.0,1
837312.0,572687.0,1
860863.0,546060.0,1
864721.0,548447.0,1
876151.0,582116.0,1
807278.0,566392.0,1
872033.0,558924.0,1
894268.0,532597.0,1
850478.0,566230.0,1
823202.0,619103.0,1
889743.0,560547.0,1
854374.0,550707.0,1
860384.0,555572.0,1
838808.0,524944.0,1
891515.0,520429.0,1
805884.0,549492.0,1
920249.0,551171.0,1
808777.0,512952.0,1
824475.0,518063.0,1
856437.0,532452.0,1
839280.0,539324.0,1
865020.0,550686.0,1
861069.0,548327.0,1
844086.0,531300.0,1
923996.0,594948.0,1
832154.0,559403.0,1
858537.0,548576.0,1
828001.0,524067.0,1
793875.0,473793.0,1
766617.0,548142.0,1
852687.0,540692.0,1
800152.0,576217.0,1
859492.0,572224.0,1
925485.0,596955.0,1
873380.0,495161.0,1
765011.0,607246.0,1
898578.0,612291.0,1
795909.0,462864.0,1
848628.0,503773.0,1
851166.0,532382.0,1
870214.0,556246.0,1
857319.0,543529.0,1
878519.0,606677.0,1
835831.0,555864.0,1
885828.0,586348.0,1
916704.0,609548.0,1
877298.0,565604.0,1
916082.0,517633.0,1
913686.0,576892.0,1
880275.0,564545.0,1
880958.0,588608.0,1
861868.0,549168.0,1
769546.0,554722.0,1
855074.0,542557.0,1
846646.0,548548.0,1
573324.0,878802.0,4
649412.0,856993.0,6
667280.0,765619.0,6
674463.0,862486.0,6
676694.0,851597.0,6
721401.0,951880.0,6
633601.0,861482.0,6
642843.0,909185.0,6
673196.0,812941.0,6
694451.0,863981.0,6
709254.0,847444.0,6
659166.0,861665.0,6
692386.0,863386.0,6
622212.0,860015.0,6
736557.0,897961.0,6
695092.0,820091.0,6
664156.0,846474.0,6
675382.0,836312.0,6
672212.0,860894.0,6
674236.0,877152.0,6
679818.0,860064.0,6
640210.0,902029.0,6
671772.0,860357.0,6
718544.0,888401.0,6
668367.0,855686.0,6
672059.0,860501.0,6
683580.0,872374.0,6
680228.0,843225.0,6
662249.0,918050.0,6
671325.0,856592.0,6
680592.0,858526.0,6
675633.0,863416.0,6
678195.0,860537.0,6
679054.0,898217.0,6
676360.0,866112.0,6
672068.0,874862.0,6
665660.0,828338.0,6
672544.0,859978.0,6
713088.0,880834.0,6
680969.0,838864.0,6
676962.0,897430.0,6
668519.0,860048.0,6
663095.0,949045.0,6
658734.0,883214.0,6
674121.0,858589.0,6
700962.0,927047.0,6
648230.0,857418.0,6
680757.0,826912.0,6
656156.0,868643.0,6
653258.0,860766.0,6
646422.0,900526.0,6
604546.0,847329.0,6
631316.0,837043.0,6
666315.0,872311.0,6
710082.0,881600.0,6
685821.0,816579.0,6
657981.0,866945.0,6
669178.0,866011.0,6
683027.0,876064.0,6
637665.0,858741.0,6
685124.0,873363.0,6
674496.0,870664.0,6
684602.0,823981.0,6
683413.0,861559.0,6
674365.0,860819.0,6
662684.0,813662.0,6
673242.0,886958.0,6
636769.0,854047.0,6
685551.0,798742.0,6
663945.0,828490.0,6
706906.0,885612.0,6
676767.0,832479.0,6
674905.0,876286.0,6
672818.0,881943.0,6
625416.0,868848.0,6
688098.0,908495.0,6
753254.0,840123.0,6
674114.0,970756.0,6
634004.0,895206.0,6
666636.0,858686.0,6
672598.0,856928.0,6
689628.0,868984.0,6
704570.0,845515.0,6
667131.0,849230.0,6
621278.0,888326.0,6
689948.0,850548.0,6
697011.0,856357.0,6
653181.0,886417.0,6
729194.0,856897.0,6
680677.0,868629.0,6
665697.0,929571.0,6
602365.0,916673.0,6
684537.0,843821.0,6
694308.0,904062.0,6
731712.0,878998.0,6
667713.0,847241.0,6
722463.0,882675.0,6
683252.0,858182.0,6
669288.0,860515.0,6
675357.0,870850.0,6
603472.0,894573.0,6
693362.0,837786.0,6
687078.0,791051.0,6
683048.0,937776.0,6
571669.0,873544.0,4
601619.0,825604.0,6
564416.0,878492.0,4
683321.0,873932.0,6
677362.0,853471.0,6
597173.0,575538.0,7
604678.0,574577.0,7
607269.0,536961.0,7
601967.0,604428.0,7
629718.0,558104.0,7
610666.0,551701.0,7
625728.0,579460.0,7
617910.0,592293.0,7
555904.0,640401.0,7
603359.0,589262.0,7
578496.0,631434.0,7
540029.0,563888.0,7
610330.0,552628.0,7
598184.0,531473.0,7
606738.0,601356.0,7
546031.0,570429.0,7
606011.0,569426.0,7
585048.0,505097.0,7
607604.0,573951.0,7
591484.0,571087.0,7
613868.0,585089.0,7
545235.0,539822.0,7
560362.0,567914.0,7
614943.0,540976.0,7
671269.0,590258.0,7
623004.0,508050.0,7
589658.0,640498.0,7
559078.0,570088.0,7
566609.0,537592.0,7
600117.0,539079.0,7
590583.0,623314.0,7
606933.0,576409.0,7
579773.0,568698.0,7
605958.0,573728.0,7
603855.0,575180.0,7
611315.0,560757.0,7
697959.0,614701.0,7
589994.0,610890.0,7
587466.0,564953.0,7
601885.0,573083.0,7
801539.0,318482.0,5
797105.0,316002.0,5
802482.0,335269.0,5
797242.0,324588.0,5
817135.0,349925.0,5
802089.0,313456.0,5
802646.0,317894.0,5
765502.0,240340.0,5
790932.0,305223.0,5
795299.0,312036.0,5
756701.0,207223.0,5
801055.0,321833.0,5
804038.0,306622.0,5
824624.0,381716.0,5
805372.0,313397.0,5
797569.0,321799.0,5
803796.0,314893.0,5
804354.0,309671.0,5
803774.0,334756.0,5
841928.0,398948.0,5
786245.0,292352.0,5
773023.0,251826.0,5
805080.0,323708.0,5
799724.0,318884.0,5
810543.0,341180.0,5
779437.0,281959.0,5
814280.0,344223.0,5
805462.0,317833.0,5
798308.0,312788.0,5
801309.0,318213.0,5
770113.0,241615.0,5
804332.0,319006.0,5
801232.0,307078.0,5
794615.0,305632.0,5
809259.0,345634.0,5
801301.0,316893.0,5
802254.0,320673.0,5
783116.0,265635.0,5
793855.0,298525.0,5
803839.0,310353.0,5
806192.0,337849.0,5
799021.0,326404.0,5
804408.0,337683.0,5
797947.0,319734.0,5
846693.0,429031.0,1
807696.0,320548.0,5
406233.0,813072.0,4
401478.0,785370.0,4
425260.0,773661.0,4
400008.0,789447.0,4
443447.0,783977.0,4
389392.0,730768.0,4
473485.0,847098.0,4
417091.0,792545.0,4
394022.0,803914.0,4
396118.0,794614.0,4
424476.0,781552.0,4
417016.0,774869.0,4
407023.0,787385.0,4
396548.0,784388.0,4
393758.0,750953.0,4
460371.0,780609.0,4
388873.0,746909.0,4
386436.0,791388.0,4
440667.0,768761.0,4
391555.0,789079.0,4
406176.0,760860.0,4
425053.0,790566.0,4
417447.0,782955.0,4
459230.0,803720.0,4
373360.0,784232.0,4
419227.0,779215.0,4
365147.0,790525.0,4
397747.0,792207.0,4
397806.0,749559.0,4
414512.0,793966.0,4
424375.0,721868.0,4
403890.0,792420.0,4
400902.0,772920.0,4
492415.0,829655.0,4
409142.0,811927.0,4
412677.0,786951.0,4
404359.0,783919.0,4
453154.0,776082.0,4
506612.0,858859.0,4
436648.0,859634.0,4
412453.0,784453.0,4
383821.0,808301.0,4
385257.0,791581.0,4
411488.0,837715.0,4
391163.0,811977.0,4
414860.0,773921.0,4
371779.0,814715.0,4
375997.0,806621.0,4
437958.0,784801.0,4
435085.0,791564.0,4
425611.0,793420.0,4
430001.0,765803.0,4
427371.0,819417.0,4
469782.0,780552.0,4
430167.0,811490.0,4
357467.0,797530.0,4
421187.0,779726.0,4
407626.0,771304.0,4
347933.0,797148.0,4
419485.0,804779.0,4
461751.0,817277.0,4
831165.0,783383.0,6
793019.0,764859.0,6
779936.0,774397.0,6
828589.0,652430.0,1
862189.0,735684.0,6
815131.0,704478.0,6
840863.0,737972.0,6
829623.0,732301.0,6
820350.0,748217.0,6
801177.0,737548.0,6
840270.0,725456.0,6
816091.0,747764.0,6
851644.0,721350.0,6
790612.0,738038.0,6
879221.0,655497.0,1
824765.0,761114.0,6
848586.0,789052.0,6
873532.0,712802.0,1
832798.0,734777.0,6
824322.0,744720.0,6
846090.0,651306.0,1
824674.0,806300.0,6
821337.0,733356.0,6
796786.0,724615.0,6
866139.0,717138.0,1
862569.0,719773.0,6
821259.0,750089.0,6
822623.0,745025.0,6
822474.0,780882.0,6
866928.0,716961.0,1
786935.0,732999.0,6
804925.0,735492.0,6
870054.0,738900.0,6
818932.0,728481.0,6
827081.0,694553.0,1
824013.0,753991.0,6
829133.0,735488.0,6
816615.0,770855.0,6
797233.0,713358.0,6
813319.0,737376.0,6
860951.0,162251.0,5
849653.0,143827.0,5
835128.0,212354.0,5
828179.0,155649.0,5
826192.0,172906.0,5
873527.0,126426.0,5
836433.0,200181.0,5
854922.0,159650.0,5
860606.0,152843.0,5
838328.0,185708.0,5
859707.0,202806.0,5
817619.0,181929.0,5
850577.0,157049.0,5
905005.0,164126.0,5
870599.0,149782.0,5
834483.0,173379.0,5
813239.0,139752.0,5
871255.0,140340.0,5
838609.0,140215.0,5
850200.0,164752.0,5
877422.0,134877.0,5
850153.0,155701.0,5
819256.0,201704.0,5
799326.0,106384.0,5
843150.0,156573.0,5
862925.0,243856.0,5
856561.0,128799.0,5
819670.0,183364.0,5
830445.0,186055.0,5
925732.0,210388.0,5
835581.0,147664.0,5
859177.0,143273.0,5
866851.0,129505.0,5
864494.0,136669.0,5
860106.0,157080.0,5
846936.0,161313.0,5
845802.0,172285.0,5
900955.0,185733.0,5
855993.0,225023.0,5
848290.0,143184.0,5
791722.0,162000.0,5
806567.0,140259.0,5
864991.0,159874.0,5
895623.0,178393.0,5
865170.0,173755.0,5
850453.0,155432.0,5
834165.0,140684.0,5
342064.0,570045.0,8
330455.0,568758.0,8
338342.0,566864.0,8
432052.0,613723.0,8
340064.0,550509.0,8
296775.0,572432.0,8
345840.0,561591.0,8
353979.0,578923.0,8
326043.0,553772.0,8
268672.0,508874.0,8
335328.0,562880.0,8
339212.0,538693.0,8
357275.0,551101.0,8
334785.0,565575.0,8
452457.0,597461.0,8
344791.0,578536.0,8
343997.0,585193.0,8
366688.0,562413.0,8
321657.0,538660.0,8
360165.0,553303.0,8
336928.0,557412.0,8
354529.0,573677.0,8
358312.0,559466.0,8
304086.0,576100.0,8
346144.0,560472.0,8
369366.0,561201.0,8
344314.0,595915.0,8
328586.0,551385.0,8
339288.0,588052.0,8
330335.0,568221.0,8
327695.0,543105.0,8
336549.0,565597.0,8
335029.0,553213.0,8
324032.0,577807.0,8
321924.0,527106.0,8
269126.0,508814.0,8
350798.0,535657.0,8
325125.0,564342.0,8
330145.0,546705.0,8
302353.0,545544.0,8
285152.0,520229.0,8
396903.0,591235.0,8
297212.0,546223.0,8
296763.0,528676.0,8
329859.0,564384.0,8
368724.0,598412.0,8
168573.0,350387.0,10
170271.0,306395.0,10
188093.0,324040.0,10
183236.0,338163.0,10
161345.0,350804.0,10
210497.0,359835.0,10
148749.0,359845.0,10
177505.0,332053.0,10
169966.0,368623.0,10
155505.0,355581.0,10
211265.0,396792.0,10
203254.0,362605.0,10
159191.0,309314.0,10
152861.0,407965.0,10
235671.0,300234.0,10
133744.0,308918.0,10
172020.0,342883.0,10
178495.0,373915.0,10
133580.0,348602.0,10
169145.0,355279.0,10
141860.0,324304.0,10
171614.0,435530.0,10
185071.0,362905.0,10
146821.0,297434.0,10
171848.0,343242.0,10
183970.0,355973.0,10
158571.0,361986.0,10
216975.0,296647.0,10
137098.0,384889.0,10
142455.0,343512.0,10
174656.0,393278.0,10
159392.0,351000.0,10
165607.0,362883.0,10
176982.0,354631.0,10
184570.0,360446.0,10
162600.0,392531.0,10
128953.0,304971.0,10
217686.0,296514.0,10
140128.0,325904.0,10
160165.0,362858.0,10
669118.0,354195.0,7
617399.0,392653.0,7
622550.0,391601.0,7
616040.0,330855.0,7
613921.0,394043.0,7
655859.0,416496.0,7
598657.0,442558.0,7
556780.0,409205.0,7
577473.0,384210.0,7
663820.0,416308.0,7
710910.0,464586.0,7
624310.0,398408.0,7
611357.0,393577.0,7
634973.0,450542.0,7
595411.0,413706.0,7
618446.0,372298.0,7
561388.0,355834.0,7
691600.0,397893.0,7
610676.0,449688.0,7
523329.0,404632.0,9
648429.0,422590.0,7
562772.0,382904.0,7
576235.0,462612.0,7
598628.0,425191.0,7
499262.0,398424.0,9
578878.0,420108.0,7
618449.0,404599.0,7
582389.0,428200.0,7
621989.0,394856.0,7
618113.0,400002.0,7
609344.0,448128.0,7
615342.0,413931.0,7
632060.0,367800.0,7
572244.0,349463.0,7
637594.0,420311.0,7
638966.0,486628.0,7
655201.0,411873.0,7
617428.0,397343.0,7
619427.0,396945.0,7
619332.0,401992.0,7
636807.0,424537.0,7
533889.0,333741.0,9
632952.0,385722.0,7
588952.0,437524.0,7
662830.0,420955.0,7
634661.0,446187.0,7
605650.0,447537.0,7
618157.0,384990.0,7
630904.0,404643.0,7
650859.0,460072.0,7
642157.0,345545.0,7
601369.0,411415.0,7
604703.0,392288.0,7
721905.0,378957.0,7
618676.0,377015.0,7
658884.0,390135.0,7
213558.0,873714.0,2
245144.0,845719.0,2
283576.0,809069.0,2
222704.0,824909.0,2
245023.0,849247.0,2
263626.0,851699.0,2
231263.0,863308.0,2
247939.0,831010.0,2
278326.0,829095.0,2
260943.0,889692.0,2
269723.0,849664.0,2
241972.0,840749.0,2
237689.0,839510.0,2
251958.0,886571.0,2
227819.0,900986.0,2
241381.0,844402.0,2
248210.0,886338.0,2
277055.0,860813.0,2
246729.0,879602.0,2
224852.0,934148.0,2
228711.0,848090.0,2
201080.0,823689.0,2
313609.0,860065.0,2
244257.0,776516.0,2
235337.0,831592.0,2
267049.0,950249.0,2
245678.0,821691.0,2
274685.0,883097.0,2
244260.0,847060.0,2
264274.0,813041.0,2
139601.0,914203.0,2
256512.0,837094.0,2
258528.0,856273.0,2
244246.0,847589.0,2
209264.0,836661.0,2
240846.0,841609.0,2
332237.0,911313.0,2
256216.0,903741.0,2
233931.0,838374.0,2
239387.0,847822.0,2
250394.0,847577.0,2
238492.0,833394.0,2
250359.0,849451.0,2
218942.0,848326.0,2
228517.0,837056.0,2
230049.0,865536.0,2
265246.0,889333.0,2
219321.0,848396.0,2
245258.0,799882.0,2
321522.0,163852.0,3
307913.0,91419.0,3
311093.0,169734.0,3
367806.0,123963.0,3
350964.0,149159.0,3
346942.0,152780.0,3
310824.0,144943.0,3
348893.0,195430.0,3
313573.0,109221.0,3
358652.0,186358.0,3
324121.0,96346.0,3
368060.0,76739.0,3
336845.0,172750.0,3
346717.0,178180.0,3
312275.0,145173.0,3
425563.0,163524.0,3
348177.0,179526.0,3
380609.0,185976.0,3
300294.0,178772.0,3
337343.0,156614.0,3
353991.0,193997.0,3
300021.0,159185.0,3
384591.0,137729.0,3
347039.0,195468.0,3
327204.0,152871.0,3
295311.0,115000.0,3
281548.0,175184.0,3
332470.0,161202.0,3
331381.0,162660.0,3
344364.0,213940.0,3
315333.0,144566.0,3
319155.0,159850.0,3
355168.0,114823.0,3
354132.0,161850.0,3
325344.0,159885.0,3
359520.0,132845.0,3
340066.0,152500.0,3
287127.0,192494.0,3
279251.0,184486.0,3
318215.0,180010.0,3
308555.0,134011.0,3
319829.0,168353.0,3
327608.0,177638.0,3
348815.0,150017.0,3
293350.0,175997.0,3
357923.0,192120.0,3
144570.0,573936.0,10
173576.0,507309.0,10
179189.0,536028.0,10
155899.0,561715.0,10
147885.0,527813.0,10
58190.0,608304.0,10
145251.0,553486.0,10
144242.0,557674.0,10
220156.0,589643.0,8
156003.0,502860.0,10
148510.0,579793.0,10
141641.0,557376.0,10
117212.0,565692.0,10
139033.0,593287.0,10
172882.0,571145.0,10
137740.0,618961.0,10
158060.0,525533.0,10
134449.0,557556.0,10
95899.0,530846.0,10
166597.0,572855.0,10
166840.0,562425.0,10
117089.0,561455.0,10
135284.0,555664.0,10
158773.0,588778.0,10
257984.0,555707.0,8
173847.0,514665.0,10
107965.0,535173.0,10
116492.0,509399.0,10
143226.0,522375.0,10
113321.0,606322.0,10
139847.0,552015.0,10
130657.0,555545.0,10
154268.0,542573.0,10
197367.0,535989.0,10
166560.0,559687.0,10
127940.0,590467.0,10
211584.0,591058.0,8
130201.0,562734.0,10
137316.0,562151.0,10
143363.0,551365.0,10
134261.0,519275.0,10
129997.0,568115.0,10
170494.0,560892.0,10
164453.0,544085.0,10
128788.0,546091.0,10
88703.0,577217.0,10
130582.0,565948.0,10
241485.0,523039.0,8
179931.0,536588.0,10
105353.0,589239.0,10
76661.0,531044.0,10
98525.0,579761.0,10
120357.0,560737.0,10
34795.0,606311.0,10
507786.0,199578.0,3
461701.0,188438.0,3
500225.0,177559.0,3
484348.0,202813.0,3
490271.0,216725.0,3
506288.0,177990.0,3
510496.0,174308.0,3
522728.0,184704.0,3
576965.0,187481.0,3
515230.0,149567.0,3
523036.0,123677.0,3
497406.0,125809.0,3
509773.0,148899.0,3
494698.0,176711.0,3
520845.0,176291.0,3
509951.0,176794.0,3
520819.0,181586.0,3
496006.0,191010.0,3
535034.0,172649.0,3
529858.0,213114.0,3
521006.0,163218.0,3
483423.0,111797.0,3
520763.0,250478.0,3
528679.0,199079.0,3
545699.0,174099.0,3
456821.0,105575.0,3
495388.0,156422.0,3
472054.0,129986.0,3
563315.0,215613.0,3
518892.0,165875.0,3
493897.0,189627.0,3
514408.0,173338.0,3
541220.0,177840.0,3
545455.0,182232.0,3
541498.0,192746.0,3
490355.0,153464.0,3
566524.0,179796.0,3
550216.0,184337.0,3
516085.0,195504.0,3
506361.0,225237.0,3
508080.0,175697.0,3
559809.0,162597.0,3
504243.0,237336.0,3
483776.0,213021.0,3
500801.0,185558.0,3
481841.0,209337.0,3
473933.0,191767.0,3
453261.0,148432.0,3
491792.0,214464.0,3
515348.0,184750.0,3
558478.0,213316.0,3
537514.0,179689.0,3
444610.0,400247.0,9
393825.0,453067.0,9
383832.0,340506.0,9
417231.0,381303.0,9
351352.0,362910.0,9
354094.0,424230.0,9
395013.0,387179.0,9
396520.0,405610.0,9
373684.0,418326.0,9
468350.0,395883.0,9
383197.0,409869.0,9
367922.0,415238.0,9
422056.0,382193.0,9
343651.0,438750.0,9
399077.0,403968.0,9
402071.0,427626.0,9
372230.0,412488.0,9
392447.0,408539.0,9
444816.0,409502.0,9
415222.0,434798.0,9
407188.0,396576.0,9
380139.0,434251.0,9
342501.0,336320.0,9
401923.0,417123.0,9
416110.0,374296.0,9
442931.0,430123.0,9
393758.0,439738.0,9
427749.0,457110.0,9
395450.0,407822.0,9
407576.0,434017.0,9
391966.0,387214.0,9
467535.0,416014.0,9
398724.0,404179.0,9
399346.0,423786.0,9
460198.0,402706.0,9
408500.0,393942.0,9
439048.0,403700.0,9
410601.0,410653.0,9
396556.0,406492.0,9
402081.0,407514.0,9
418140.0,415328.0,9
415933.0,422485.0,9
402031.0,426039.0,9
371548.0,414612.0,9
399717.0,403257.0,9
377870.0,377550.0,9
376145.0,414107.0,9
391530.0,398743.0,9
409291.0,431539.0,9
399693.0,395271.0,9
437870.0,375761.0,9
377215.0,418429.0,9
387165.0,404027.0,9
906640.0,587296.0,1
906396.0,535803.0,1
817776.0,525600.0,1
848976.0,558706.0,1
857126.0,548151.0,1
904450.0,533427.0,1
839088.0,528460.0,1
869369.0,536868.0,1
863042.0,557890.0,1
867533.0,542290.0,1
862002.0,534006.0,1
863859.0,546898.0,1
855045.0,547633.0,1
863102.0,545783.0,1
862534.0,547936.0,1
882403.0,534710.0,1
803216.0,577565.0,1
914183.0,620056.0,1
877510.0,555087.0,1
861656.0,545794.0,1
838239.0,576018.0,1
838978.0,622330.0,1
844948.0,563321.0,1
861966.0,562885.0,1
886773.0,509047.0,1
859679.0,541785.0,1
874312.0,574582.0,1
879902.0,518647.0,1
851462.0,526597.0,1
866044.0,584750.0,1
843715.0,568319.0,1
862785.0,579661.0,1
860721.0,547751.0,1
831024.0,505776.0,1
856167.0,542249.0,1
773292.0,531652.0,1
898916.0,630099.0,1
844627.0,556401.0,1
854342.0,541611.0,1
858278.0,544519.0,1
816840.0,539239.0,1
861927.0,562723.0,1
858325.0,586062.0,1
846841.0,533595.0,1
810817.0,509540.0,1
890613.0,567037.0,1
853279.0,560714.0,1
860375.0,544804.0,1
892877.0,544283.0,1
875311.0,542259.0,1
866352.0,535933.0,1
871981.0,649086.0,1
855983.0,534803.0,1
645563.0,819480.0,6
657184.0,855509.0,6
709303.0,897538.0,6
641840.0,886745.0,6
691716.0,873426.0,6
664639.0,925795.0,6
680381.0,823757.0,6
680261.0,863401.0,6
682100.0,853708.0,6
668567.0,856554.0,6
648590.0,917839.0,6
699124.0,824089.0,6
661357.0,801817.0,6
627452.0,835854.0,6
682510.0,905902.0,6
676220.0,858214.0,6
682241.0,850176.0,6
683656.0,842406.0,6
668772.0,858570.0,6
599612.0,859210.0,6
654937.0,781879.0,6
682699.0,851115.0,6
684739.0,884934.0,6
664260.0,859029.0,6
674659.0,860894.0,6
653592.0,959882.0,6
662898.0,884734.0,6
669427.0,846395.0,6
651576.0,865180.0,6
595580.0,798572.0,6
669366.0,869654.0,6
657879.0,857942.0,6
665828.0,868934.0,6
640000.0,863831.0,6
669430.0,905798.0,6
648443.0,845340.0,6
675551.0,956849.0,6
682481.0,879399.0,6
652233.0,886054.0,6
705929.0,851313.0,6
682315.0,843851.0,6
629377.0,853726.0,6
672797.0,843231.0,6
689363.0,817577.0,6
728743.0,850843.0,6
672387.0,800443.0,6
684091.0,842566.0,6
664159.0,550946.0,7
665845.0,557965.0,7
572029.0,518313.0,7
607214.0,575069.0,7
625579.0,551084.0,7
600582.0,599535.0,7
604168.0,555003.0,7
582176.0,630383.0,7
561574.0,621747.0,7
526559.0,509417.0,7
628696.0,542447.0,7
605850.0,533310.0,7
596179.0,529556.0,7
583653.0,652182.0,7
562920.0,559223.0,7
707100.0,601463.0,7
614917.0,600946.0,7
597077.0,568196.0,7
645464.0,660478.0,7
555429.0,604551.0,7
597620.0,586226.0,7
649088.0,575733.0,7
567188.0,560044.0,7
605876.0,550640.0,7
600679.0,599545.0,7
641031.0,593074.0,7
616060.0,590779.0,7
602873.0,527864.0,7
602167.0,543919.0,7
546640.0,560043.0,7
690968.0,555952.0,7
628264.0,616214.0,7
604090.0,574392.0,7
600665.0,638890.0,7
606587.0,573873.0,7
627727.0,578737.0,7
522993.0,595581.0,7
658281.0,582264.0,7
588964.0,597435.0,7
